,cluster,coarse_cluster
TTACCGCGTGAGAGTC-1,0,Tcell
CTCAGCTGTTCTTTGT-1,6,Tcell
TGCTATTTCTCTATCA-1,9,Myeloid
CCCGTTAAGGTAGGAA-1,4,Bcell
AGCTGATTCGGTCTCT-1,0,Tcell
AGTGCGCTCTGGCGCA-1,3,NK
CTTGTCGAGTCTGTGT-1,5,Tcell
AGATAGAAGCGGACTA-1,0,Tcell
ATTCGTTTCTCATATC-1,2,Tcell
TGGAAGGTCACCACAA-1,0,Tcell
ACTATTCGTAACGGCA-1,0,Tcell
GGGACCTAGCTTACCA-1,6,Tcell
TTTGGTTAGCGCAATG-1,2,Tcell
TTACTCATCGTTGTTT-1,0,Tcell
GGAGGATCACCTGTGG-1,0,Tcell
CCTTGGTGTATACGCT-1,0,Tcell
GAGCATTAGTTCAACC-1,9,Myeloid
TTATGTCTCTGGCTAA-1,5,Tcell
GCGATCGTCGATAGTC-1,3,NK
GGAGGATCACAGGAAC-1,3,NK
GTAATCGAGTCGAGCA-1,0,Tcell
AAATGCCTCGGATCGC-1,3,NK
TATCGAGAGTCCCGCA-1,0,Tcell
ACCCAAAGTAATGTGA-1,6,Tcell
ACTAACGCAGTATACC-1,9,Myeloid
AGCGTGCCAGAAAGAG-1,3,NK
GAAACAATCAGTTGAC-1,2,Tcell
CCAGAATAGCCTCGCA-1,0,Tcell
CCACAGGTCAGCCGGT-1,2,Tcell
AGGCCCAAGTATACGA-1,0,Tcell
ACAGAAAAGGCTGGAT-1,6,Tcell
ATGTCTTGTAAACGGC-1,2,Tcell
CAAAGCTAGTATCTGC-1,6,Tcell
CTGAATGCATCGACGC-1,5,Tcell
TACAGCAAGCTAACAA-1,0,Tcell
GAGTGAGAGGGCTCTC-1,0,Tcell
CCTTGGTGTTCTACCC-1,11,Tcell
GAACTTGGTGTCTCGG-1,3,NK
TTTGTGTTCGTTGTTT-1,4,Bcell
TATGTGGAGTTATGAG-1,3,NK
TTACGGAAGTAACACA-1,3,NK
GCACGCAAGGATTAAC-1,6,Tcell
GAGCGCTTCCGGACTG-1,0,Tcell
TTAACGGTCGCTTCAC-1,8,Tcell
TGCTCACAGATGGCAC-1,2,Tcell
CCGCATTCAGTAGTTC-1,3,NK
GGCATTAAGGGTGTTG-1,3,NK
GTCACTCTCATTCATC-1,1,Tcell
AGCTGTATCCTCATTA-1,2,Tcell
GCTTAAGTCTCGGCGA-1,8,Tcell
TTCGATTGTATGCTAC-1,2,Tcell
TAGCATGAGTTAGAGT-1,4,Bcell
GCGATTACAAACCCTA-1,0,Tcell
TACTGCCGTAGTTTGC-1,3,NK
ACTACCCTCGCTATAG-1,9,Myeloid
AACGAGGAGGATCCTT-1,8,Tcell
TACGGATAGTCCCTCT-1,5,Tcell
ACTACCCTCGTGGCGT-1,5,Tcell
TCAAAGCTCTATAGGC-1,9,Myeloid
ACAGACTCACACTAGT-1,9,Myeloid
CAAAGCTCATTACTCT-1,0,Tcell
GGACACCCACATAAAG-1,6,Tcell
CACTGAACACTCCTCA-1,5,Tcell
TACTCGCAGGCCTCGT-1,9,Myeloid
CAACGTATCTCATCCG-1,5,Tcell
CACCTGTAGATGCGAC-1,3,NK
GTACTTTTCTCATCCG-1,0,Tcell
ATTTGTCAGCCGCAAA-1,0,Tcell
CTAGGATGTCATAGAA-1,4,Bcell
TAATCGGCAATGGTAA-1,4,Bcell
AACTGGTCATCGAGTT-1,3,NK
AAAGGGCAGTTATGAG-1,0,Tcell
TGGCCTTAGGAGACTC-1,6,Tcell
TTTACGTGTCTGTCCT-1,0,Tcell
ACAGGCCCACGCGATC-1,6,Tcell
GGATAGGAGACTTCCA-1,9,Myeloid
CGCTAGGCACCCTTAC-1,0,Tcell
CCTATTAGTCACAGGA-1,0,Tcell
GGTGTCGTCCCAGCAG-1,0,Tcell
TTAGGTGCAGGTGGTA-1,0,Tcell
TTGCAGAAGTGCTAGG-1,9,Myeloid
TGAATCGTCGGAGTTT-1,0,Tcell
ACCAAACCATCCTGGG-1,4,Bcell
CCGTAGGTCCACGCTT-1,2,Tcell
GAACCGCAGCGTTAGG-1,0,Tcell
AGCGTGCTCAAGGCAG-1,0,Tcell
AGCTGGCGTCTGTGTA-1,6,Tcell
CCTGGGAGTGACAAGC-1,0,Tcell
ATCGAGTTCGCGCTGA-1,6,Tcell
CATGCCTGTAGTTTGC-1,0,Tcell
GAACGTTTCTATTGTC-1,0,Tcell
GCAGCCACACATAAAG-1,0,Tcell
GAGGATGTCATTGCCC-1,3,NK
GCCCAGATCCAAGAGG-1,4,Bcell
TCTCAGCCAAAGCTGG-1,0,Tcell
TCGCCTACAATTGTGC-1,0,Tcell
GTAATCGTCCTGAAAC-1,0,Tcell
ATTCGTTGTATACGCT-1,9,Myeloid
CACATGATCTTAATCC-1,0,Tcell
CGCTATCTCTTACTCA-1,6,Tcell
AGTCAACTCATGAACC-1,4,Bcell
TACGCAATCGGCAATT-1,0,Tcell
TAGCCCTAGCAGGAGG-1,5,Tcell
CTTGTCGCAATCCATG-1,6,Tcell
GGTCATAGTGCGACCT-1,8,Tcell
TCACTCGCACAAACGG-1,5,Tcell
CTCTACGGTAGGTCTT-1,0,Tcell
TGACTCCAGAGCAGCT-1,0,Tcell
TACAGCAGTAGCCATT-1,9,Myeloid
GCACGGTCATTACTTC-1,4,Bcell
GCTGCGAAGGTTAACA-1,8,Tcell
ACAGGCCTCCAGAATC-1,8,Tcell
GTGATCAAGATTACGA-1,8,Tcell
TGTGGCGGTTACCACA-1,0,Tcell
ACCTGCTCATGCCTTC-1,0,Tcell
CTGGCAGGTGGCATAG-1,0,Tcell
TTCTGTACAGGTCCTG-1,0,Tcell
ACATGGTGTTCCCAAA-1,5,Tcell
TGCTTCGGTCTGCACG-1,10,Myeloid
GAACGTTAGACCCTAT-1,4,Bcell
GCGAGTCCAAAGCTTC-1,9,Myeloid
CGCACAGAGGATATCA-1,4,Bcell
ACCGGGTCAAAGACGC-1,5,Tcell
TTAGCGAGTTTGCATG-1,0,Tcell
TGCTCGTAGAAACGCC-1,0,Tcell
ACTGTCCCACAGTTAC-1,6,Tcell
GATGGCCTCCTTGACC-1,6,Tcell
CGCACAGGTGTGCTTA-1,0,Tcell
ATTTGTCAGATCACCT-1,2,Tcell
TTGACGACAAGGAAGA-1,3,NK
TGAGTCAGTTACCACA-1,9,Myeloid
ATCGAGTAGTCCGTGC-1,0,Tcell
AGCCAGCCAATGCCAT-1,2,Tcell
CCCTAGTTCAATCGTG-1,3,NK
TACAGCAGTTCCCAAA-1,5,Tcell
AAATGAGAGTAGCAAT-1,0,Tcell
AGTGTACTCGTAGCGC-1,4,Bcell
ACTAGGTGTCAACTGT-1,0,Tcell
TGATCAGAGTTCTCCC-1,4,Bcell
GCGAGTCTCAGTGGTT-1,7,Tcell
GCGGAAAAGTCGGGAT-1,0,Tcell
CGATGATCAAGGAGGG-1,6,Tcell
CGAGTTACATCCTGGG-1,0,Tcell
GAAATGAAGGACTTTC-1,6,Tcell
CCGTAGGAGTGCAACG-1,4,Bcell
ACCATCCAGTCGGGAT-1,5,Tcell
CAACCAATCTATACCT-1,0,Tcell
TTGAGTGTCGCATACA-1,0,Tcell
GTGTCAATCTGAAAGA-1,0,Tcell
CAAAGCTCACTAGCCG-1,3,NK
GGAGGATCAATGGTCT-1,2,Tcell
CGCTAGGAGGGAAGCG-1,6,Tcell
TCACCTGGTTCTGAGT-1,3,NK
TAAGTGCAGTGTTCCA-1,5,Tcell
TAAGTGCTCCCAATAG-1,2,Tcell
ACGTGGCTCTGTGTGA-1,6,Tcell
GCGATCGGTAACATAG-1,2,Tcell
TATCGAGTCGGTGATT-1,7,Tcell
TCAAAGCGTGATAGAT-1,0,Tcell
GTGACATCATCCCAAA-1,11,Tcell
TGACAACAGTTATGAG-1,2,Tcell
ATAGTCGCAAGGACCA-1,0,Tcell
GTGATCATCAACTTGG-1,0,Tcell
AGCTGGCTCGTCTAGA-1,6,Tcell
TAGGTCAAGATCGCCC-1,5,Tcell
TAGCCGGTCCCACGGA-1,5,Tcell
CATTGGATCGAAGCCC-1,0,Tcell
AAAGGGCTCGGATAAA-1,4,Bcell
CCCGTTAAGCTGCTCG-1,8,Tcell
TCACAAGCAAGAGATT-1,6,Tcell
ATTGTGGAGTTCGCGC-1,9,Myeloid
GCCCAGATCGAGTTAC-1,6,Tcell
TTCATTGCACGCGTTG-1,0,Tcell
GTCACCTAGTAACACA-1,4,Bcell
GCGGAAAAGAATCAGT-1,3,NK
ATGTACGAGAAATCTG-1,3,NK
TACGGATCAATGTGTC-1,0,Tcell
GTACTTTAGTGAAGGA-1,5,Tcell
GTAGTACCATTCTCGC-1,2,Tcell
CCAATGAGTTCAGTAC-1,4,Bcell
AAACTGCGTAATGTGA-1,0,Tcell
TGCATTTAGCTTACCA-1,8,Tcell
GATGGCCGTGAGTAAT-1,2,Tcell
TGGTCAAGTCAAATCC-1,0,Tcell
TTTGGCCTCGGGCTCA-1,0,Tcell
TATTGCTGTACCCACG-1,5,Tcell
CCCTAGTCAACGGACA-1,6,Tcell
GATGGCCCAAGCAGGT-1,3,NK
AGGCGTCGTTAGTAGA-1,2,Tcell
GACCAATCATGCGACC-1,3,NK
CACCTGTAGCGTTAGG-1,0,Tcell
AAACTCGGTATCTAGC-1,2,Tcell
TACCCTGCATAAAGTG-1,0,Tcell
TTTACGTTCTCTCAAT-1,3,NK
GCTGTTCAGTACGACG-1,9,Myeloid
CCAGAATTCTCTTCTC-1,4,Bcell
GCATTCCCACTCGTGG-1,9,Myeloid
CCCAGAGCAGTGCGTC-1,0,Tcell
ACTTTCATCTGGGCGT-1,5,Tcell
GAACCTAAGTTCAAGA-1,5,Tcell
AATGGCTTCCTGTAGA-1,6,Tcell
GCCATAATCTTGGCCT-1,3,NK
AGTCCGGTCTGTGTCC-1,4,Bcell
CACAGATCATCCTGGG-1,8,Tcell
TGATTTCTCGCCCTTA-1,0,Tcell
ACAAACCGTTGCAGCC-1,4,Bcell
GACCTTCCACCGATCG-1,0,Tcell
GTTCAAGGTAGTACAA-1,0,Tcell
ACAAAGAAGAATCAAC-1,9,Myeloid
GCCCAGACATAGAATG-1,0,Tcell
GCTCACTAGCCTATAC-1,3,NK
TCGAGCGGTAAACGAT-1,0,Tcell
TTCGATTAGGATGTAT-1,2,Tcell
CCCACATGTTCATTTC-1,5,Tcell
ATCCAGAAGACTCTTG-1,0,Tcell
AGGCCCAGTGAATGTA-1,0,Tcell
ATCCCTGCAGGTGTGA-1,3,NK
CGTGGCAAGTTCAACC-1,3,NK
GGAGAACTCAACACGT-1,9,Myeloid
GGGTCTGTCAGTTGAC-1,5,Tcell
ATCCTCGGTGCCCTAG-1,8,Tcell
TGCATGATCCATACGA-1,8,Tcell
CCACAGGAGATCTCAC-1,5,Tcell
CCACGTTTCCACGGCA-1,0,Tcell
ATTTGTCAGTGTGTAA-1,3,NK
GGCGTTGAGAACTCCT-1,0,Tcell
TTAGGTGGTAGGGTCA-1,7,Tcell
CCTTGGTCACCGAATT-1,9,Myeloid
GGTTGCGAGTCATCTG-1,9,Myeloid
TAGCTTTTCCTTACGC-1,6,Tcell
TAGGAGGTCGCGCTGA-1,3,NK
TTCGTTATCTACCCGT-1,8,Tcell
AATACGCGTTGTATCG-1,6,Tcell
GGTCATAGTCCAACCG-1,0,Tcell
TCTCAGCCAGACTAAA-1,4,Bcell
GAACCGCCATTTGGTG-1,2,Tcell
CATTCCGAGCAGTAGC-1,0,Tcell
AAGGTTCAGCGGACTA-1,3,NK
GCATGATCATGTCCCT-1,6,Tcell
GCATGATTCAGTGTAC-1,5,Tcell
TAATCGGGTAGGTCTT-1,0,Tcell
GGAGTAGGTCCGTCGA-1,2,Tcell
CATGCCTTCACTCGGG-1,0,Tcell
CGCAGGTAGATTGACA-1,0,Tcell
TTAGCGAGTGAGGTCA-1,3,NK
GACCTTCCAGAGCCAA-1,3,NK
GTCACGGAGAGCAGCT-1,8,Tcell
TTCGGTCAGAGCCTGA-1,3,NK
CCCTAGTCAAGCCAGA-1,2,Tcell
CTAGGGCTCTGCGTCT-1,0,Tcell
CCAATGATCTGAACGT-1,5,Tcell
CCCACATAGCATTGGG-1,0,Tcell
CTTGCTGCATTGATGC-1,9,Myeloid
TTCGGTCGTCATTGCA-1,5,Tcell
GAAATGACAACGCAAG-1,4,Bcell
CTTGCTGAGGAGACTC-1,0,Tcell
TACGCCTGTTACGGAG-1,1,Tcell
TCAAAGCAGGCTAAAT-1,0,Tcell
TACGCCTAGCTTACCA-1,3,NK
AATGTCGAGTAACACA-1,2,Tcell
AGCGATTCAGTTCGGC-1,6,Tcell
GATTGACGTCCGTGCA-1,0,Tcell
TGTAAGCAGTACAGTA-1,2,Tcell
TGGCCTTTCCGTACGG-1,4,Bcell
TGTGACAAGTCGCCTG-1,4,Bcell
TGAGCCGGTCCTTATT-1,2,Tcell
TTGCGAACAACGGGTA-1,5,Tcell
ATCCTCGTCCTGTGGG-1,0,Tcell
GCAACCGGTTTGGATC-1,0,Tcell
GAGCGCTCAGGATGTG-1,0,Tcell
TAATCGGAGAAATCTG-1,0,Tcell
CTTGCCACATAGTCCA-1,0,Tcell
GCGCCAATCGACTATG-1,3,NK
TATCGAGAGCTCGTTA-1,2,Tcell
ACTGTCCCACCAAGGA-1,0,Tcell
CAGTGCGTCAGGATCT-1,0,Tcell
CGCAGGTGTAGTCCAT-1,4,Bcell
ATCGAGTTCAGGTCTA-1,4,Bcell
GATCGTATCGAGGCTC-1,8,Tcell
ATGCATGCACAACGGA-1,3,NK
GGAACCCAGAATCAAC-1,2,Tcell
GAGACTTGTATGCTAC-1,0,Tcell
GTGTCAAGTGCGACCT-1,9,Myeloid
GTTGGGCCACAGCCAC-1,3,NK
AGCGTGCGTTCTACCC-1,2,Tcell
ATTGTGGAGCTTACCA-1,2,Tcell
TAGCATGGTTACTACG-1,0,Tcell
CGTGGCACACAGTTAC-1,9,Myeloid
CTTTGCGCACGATTAC-1,0,Tcell
ATTGTCTGTTGAAGCG-1,9,Myeloid
TGAGTCACATGTAGAA-1,8,Tcell
AGTGTACTCTTCCGTG-1,5,Tcell
GTAGGAGGTAAGCCTT-1,0,Tcell
AAAGGATAGGAGTCTG-1,0,Tcell
GATCATGCATCCATAG-1,2,Tcell
TGAGTCACAATACTGC-1,6,Tcell
TGGGTGCGTCAGTGTT-1,3,NK
GTTGGTAAGTGGACGT-1,6,Tcell
AACTGGTTCCAAGAGG-1,0,Tcell
ACGTTAGCAAGCAACG-1,9,Myeloid
ACCGCAGTCTTAGTGG-1,8,Tcell
AGCGTATAGGCTTTAC-1,0,Tcell
CCTGCTAGTAGTCTGT-1,6,Tcell
CATGTTTTCCCACTAC-1,6,Tcell
TCGGGACCACCACGAC-1,0,Tcell
TGTACAGTCCATACGA-1,0,Tcell
AACCAACGTTTAAGGA-1,3,NK
TTACTTGTCTTGTGCC-1,4,Bcell
CAAGAAAAGGATGTAT-1,0,Tcell
CTAGCGGTCCGGACTG-1,9,Myeloid
GCCAGACAGGTCACTT-1,9,Myeloid
TGCCTGTAGGATCCTT-1,0,Tcell
TTACGTTTCCAGAATC-1,8,Tcell
AGCCTGGTCTTCAGAG-1,9,Myeloid
TGATTTCCAATTCGTG-1,4,Bcell
CCCTGATCAACGACAG-1,0,Tcell
GCACCTTGTAAACCCT-1,6,Tcell
CAGTGTAAGCTGATTC-1,0,Tcell
GCAGCCATCAAAGTAG-1,5,Tcell
TCACAAGTCTCCTTGG-1,0,Tcell
TGGTCCTTCCCTAAAG-1,5,Tcell
ATTCGTTAGGATTGAT-1,3,NK
CCGTACTCAAACCGAG-1,0,Tcell
GTTGGTACATAAAGTG-1,0,Tcell
CCCTCTCCATATTGGC-1,8,Tcell
ACAAACCTCGGAAAGC-1,9,Myeloid
AGACAAAAGGCGTCCT-1,3,NK
CTCAGAACACAGCCAC-1,5,Tcell
TGGTCAACACTACACA-1,0,Tcell
TTAACGGAGGCACTAG-1,0,Tcell
TACGCCTGTGAATGTA-1,8,Tcell
TTACGGACACACACAT-1,3,NK
CATTCCGGTATGGATA-1,0,Tcell
GAACCGCGTGGTAGAC-1,4,Bcell
CTCTAGCGTAAACGTA-1,0,Tcell
GAGTGAGCAATCAGGG-1,5,Tcell
ACCGCAGGTAAGGTCG-1,0,Tcell
ACTTTCAAGTTGTCCA-1,6,Tcell
CAGCTAACAAGGAGTC-1,0,Tcell
TGCTCGTGTCCAACCG-1,0,Tcell
TAGCCGGCACCTGTGG-1,0,Tcell
ACAAGCTGTCCGCTTT-1,0,Tcell
CCACAGGTCTTCATAC-1,11,Tcell
GCCCGAAAGGCACTAG-1,9,Myeloid
GGCGAAAGTATACGCT-1,8,Tcell
TTCATTGAGAGCCTGA-1,3,NK
CTTGCCATCGAGAACG-1,8,Tcell
CATGTTTGTCGATTAC-1,8,Tcell
GCCTAGGCATAGAATG-1,0,Tcell
CCCAGAGAGATATGAC-1,4,Bcell
TACCTATGTACGGATG-1,7,Tcell
ACTATTCCAAGCACTT-1,6,Tcell
TGCATTTCAACTTGGT-1,0,Tcell
TTACGTTTCTATTGTC-1,3,NK
GGCATTAGTATACGCT-1,5,Tcell
CTCAACCCATTGCGAT-1,0,Tcell
TGCTCACCAGCACATT-1,4,Bcell
GGTCATACACACATTG-1,0,Tcell
TGTACAGCACGGTGTC-1,6,Tcell
CACAGATAGGTGTCGA-1,3,NK
CAGGGCTAGACCATAA-1,0,Tcell
TCAGGGCGTAAAGGCC-1,4,Bcell
GCACCTTGTACTATGC-1,0,Tcell
CAATCCCAGCTACGCC-1,4,Bcell
GACCCAGGTTTAAGCC-1,8,Tcell
AGCGATTTCTAGCTGA-1,0,Tcell
GAGCATTAGCTGAAAT-1,5,Tcell
TTCGATTAGGAAGACA-1,3,NK
TTAGGTGGTAGCTGTT-1,0,Tcell
CAATCCCAGTAATCAG-1,6,Tcell
AGCCCGACAGGATAGC-1,4,Bcell
AACGAGGAGTCTCCAA-1,10,Myeloid
CATTGGATCTTAATCC-1,0,Tcell
TTTGGCCCACCTACCT-1,8,Tcell
TGGAAGGCACTTTGGA-1,4,Bcell
CTCATGCAGTATGGGC-1,8,Tcell
TCAAAGCGTCCAAGAG-1,11,Tcell
CTGGCAGTCGGTCGAC-1,0,Tcell
ATTGTCTGTCCGCTTT-1,0,Tcell
AGGCCCAAGATGAGGA-1,9,Myeloid
TAACAGCGTGAATACA-1,0,Tcell
GAGTGAGAGCAATGTA-1,8,Tcell
GCTTAAGCAATCCATG-1,2,Tcell
TTAGGTGAGACGCCAA-1,8,Tcell
ACTAACGAGCATGTGG-1,5,Tcell
TTGCTTACAAGGAGGG-1,0,Tcell
GTGACATAGATGCGCA-1,3,NK
TAGGTGTTCCCAGCGA-1,4,Bcell
CAGCCTTTCGGTCTCT-1,0,Tcell
GATCATGAGCGCCTAC-1,8,Tcell
GGTTGCGGTGCGTCCA-1,3,NK
GCTCACTCAGCTATAC-1,2,Tcell
CTCCCAACAAAGCTTC-1,3,NK
ACCGGGTTCGGACGAA-1,5,Tcell
CTGTTCGGTTTGTCTT-1,0,Tcell
ATTACTCCACACACAT-1,5,Tcell
TAGGTGTGTAGTCCAT-1,0,Tcell
CTAGGGCAGATCACCT-1,4,Bcell
CTTCTAAGTTTGTGAC-1,0,Tcell
GCGAGAAAGTGTAATG-1,6,Tcell
CCCAGAGTCGTGAGTT-1,6,Tcell
ACAGGCCAGAGGCCTA-1,6,Tcell
GCGGGTTAGGGCATTG-1,6,Tcell
GTTATGGCAGAACGAC-1,0,Tcell
AGGCCCATCCAACCTC-1,0,Tcell
CTCAGAAAGCGTCTGC-1,0,Tcell
AGTGCCGCAGGTTATC-1,0,Tcell
TTACTCAGTAACAATG-1,5,Tcell
CTCACCAAGCTGCCAC-1,6,Tcell
CGTAAACTCGGCAATT-1,8,Tcell
AAACTGCGTGGTAAGC-1,0,Tcell
CCTAAAGAGCTAGTTC-1,2,Tcell
CGCAATACATCCCTTG-1,6,Tcell
TTTGGCCAGAGCGAAA-1,0,Tcell
GGGTGTCAGCCCATGC-1,0,Tcell
TTTGGCCAGTTATGAG-1,3,NK
GTGACATTCAGTGGTT-1,5,Tcell
ACTACGACAGCTTACA-1,6,Tcell
AGCCTGGAGGGCGAAG-1,3,NK
CATGCCTCATATACGC-1,6,Tcell
ATCCTCGAGATGGGAA-1,5,Tcell
CACAACAGTATGGATA-1,8,Tcell
GTTGGTATCCAACCTC-1,0,Tcell
AGATTCGCAGGCACAA-1,0,Tcell
GCGGAAATCAAGTTGC-1,6,Tcell
GACCTTCCATTTCACT-1,0,Tcell
CCTTAATTCTCAGATG-1,6,Tcell
GCTTAAGGTTTAGGAA-1,3,NK
TTCGTTACAAGCGACA-1,5,Tcell
GTCACTCTCGCAAGCC-1,6,Tcell
CCACAGGTCCGTCAAA-1,5,Tcell
CCTGCTAAGCCGCTGT-1,11,Tcell
CAAGGCCAGACCCTAT-1,0,Tcell
TATTGCTAGGGTAGTC-1,0,Tcell
CTAGGGCGTGGAGTGT-1,3,NK
TGCATGAGTGCAACAG-1,9,Myeloid
ATGCATGGTTCTACCC-1,0,Tcell
TTGCACCGTAGAAGCC-1,0,Tcell
GCTGCGAAGAGGAACA-1,0,Tcell
AGTGCCGGTTCCATCC-1,3,NK
CTCTCGAGTGACCAGA-1,3,NK
ATAGTCGCAGGGTAAC-1,6,Tcell
GCGTAGCGTTGGGAAC-1,9,Myeloid
GTGTGATCACCATTCC-1,0,Tcell
ATATTCCTCCTTTGCG-1,2,Tcell
TTGCAGACAAATAGTG-1,3,NK
TACAGCAGTGTGACCC-1,5,Tcell
CCCTCTCAGGGAAGCG-1,5,Tcell
ATGTTTCAGCGCACAA-1,8,Tcell
ATAGTCGGTCCAGACC-1,0,Tcell
CATAACGAGGAAGAAC-1,6,Tcell
TAACAGCGTCTCTGCT-1,0,Tcell
AGTGTACTCGAGTTAC-1,9,Myeloid
CGCAGGTGTTGGCTTA-1,0,Tcell
GCACGCAGTAGCAGGT-1,0,Tcell
TTAGGTGCACAAACAA-1,0,Tcell
GCTTGCTGTAGCGTTT-1,0,Tcell
GCTCACTGTGAATACA-1,0,Tcell
TGAGTCATCTTGTGCC-1,6,Tcell
CCTAAAGGTATTCGCA-1,0,Tcell
AATGTCGTCGATGTGT-1,5,Tcell
CGTAAACGTTCTCGAA-1,0,Tcell
CCGAAGCAGATGAGGA-1,3,NK
TCAGTCCGTGCTGTCG-1,3,NK
AGCCTGGGTTTCCGGG-1,0,Tcell
GACCTTCTCCCACGGA-1,4,Bcell
ATTTGTCGTGCTGAAG-1,10,Myeloid
TGTAGCAAGGCTTTAC-1,6,Tcell
GTGACATAGGTGTCGA-1,5,Tcell
CGGACTGCAATGGTAA-1,3,NK
CTAGCGGGTATCTGCA-1,0,Tcell
GTGTCAAGTAAGTGCG-1,3,NK
ATGCATGTCCGCGATG-1,0,Tcell
TAACGGTTCCATACCC-1,4,Bcell
GCATGATTCTCATCCG-1,5,Tcell
GCGTAGCAGTATGGGC-1,0,Tcell
AAGATAGAGTAGGAAG-1,0,Tcell
ACAGCGCGTTACGGAG-1,3,NK
AGGCGAATCACATCCC-1,5,Tcell
TTCGGTCGTTCTTTGT-1,0,Tcell
GAACGTTCAGGCATCC-1,3,NK
TGCTCGTAGAGCCTGA-1,4,Bcell
TCACAGATCGATGTGT-1,4,Bcell
GTCCATCAGGCTTCGC-1,2,Tcell
AGCGATTAGACGCCCT-1,6,Tcell
GTGTGATTCAAGTTGC-1,6,Tcell
AACATCGTCCGCTATC-1,8,Tcell
ACGGATTCATTCGTCC-1,0,Tcell
CTCACCAAGTCACACT-1,5,Tcell
GTACTTTGTTGGCTTA-1,2,Tcell
CACATGACAAGGAGGG-1,4,Bcell
GCTTTCGTCTGTCGGG-1,0,Tcell
AAATGAGCACAGGAAC-1,5,Tcell
GACTAACTCCAGAATC-1,0,Tcell
GCTTTCGGTGCAGACA-1,0,Tcell
TGTACGACATATTGGC-1,6,Tcell
TTGCGAAGTGCAAGCA-1,0,Tcell
TAGCGGCAGAGCTGTG-1,8,Tcell
AACTTGGGTACTTGAC-1,6,Tcell
GCGTAGCTCGTCCCAT-1,0,Tcell
GCGCATGAGGTGTTGG-1,8,Tcell
TGAATCGAGTATACCC-1,2,Tcell
TCAGTCCTCGACGGAA-1,0,Tcell
ACATGGTGTTTAAGGA-1,6,Tcell
TCACAGACATGCCTTC-1,0,Tcell
CATAACGGTGATGTGG-1,5,Tcell
GACCAATGTCACCCGA-1,0,Tcell
TCTCTGGTCATAGGTC-1,2,Tcell
TTAGGTGCAAGCGACA-1,0,Tcell
TGCTTCGCAGGTGGTA-1,6,Tcell
GCGAGAAAGTATACCC-1,0,Tcell
ACTATTCTCATGAACC-1,3,NK
ATAGTCGCAATGCACT-1,5,Tcell
AATGGCTAGTCGATAA-1,5,Tcell
GACCGACCATATACGC-1,0,Tcell
CTTTGCGGTCCACCAG-1,0,Tcell
GGGTGTCTCTAGTCGA-1,0,Tcell
AAGGTTCCAAATAGTG-1,0,Tcell
GTGCCAGTCCAAACCA-1,6,Tcell
GTGGCGTTCACCCTTG-1,0,Tcell
TACCCTGTCTTGTCGC-1,8,Tcell
TACTGCCGTTTGAAGA-1,9,Myeloid
TTAGCTTGTGGTACTT-1,4,Bcell
GCATGATGTGAATACA-1,6,Tcell
ACTTCCGTCTGAGTCA-1,6,Tcell
TTGCACCGTGAGGGTT-1,5,Tcell
CCACAGGAGCAGGACT-1,9,Myeloid
GAAAGTACACTGAAGG-1,2,Tcell
GCTCAGGTCAGGAAGC-1,0,Tcell
CTGGGACGTCAGTGTT-1,6,Tcell
AGTGTACCACTCCTCA-1,0,Tcell
ACTTTCACATACTGCA-1,6,Tcell
GCCAGACAGGGTCCCT-1,6,Tcell
AGCCGCAGTGCTGAAG-1,5,Tcell
CGATGATTCCATTGAG-1,6,Tcell
AAATGAGCAGGGTACA-1,9,Myeloid
GCACGCACAGAACGAC-1,0,Tcell
TGATCAGGTTCTTTCA-1,2,Tcell
GCTCGAGGTCTGCGCA-1,6,Tcell
TCTCAGCGTCCAGACC-1,3,NK
AACGAGGAGTCGGGAT-1,5,Tcell
ATCCTCGAGGAATGGA-1,0,Tcell
CGTACAAAGTTCAACC-1,8,Tcell
TAGCCGGGTAACTGAA-1,0,Tcell
ATTACCTTCGATGTGT-1,0,Tcell
GTGGCGTCAGCCGAAA-1,0,Tcell
CCCACATTCTGTCGTC-1,6,Tcell
CCGTGAGCACTGTTAG-1,0,Tcell
TCGGGACTCCCTACGT-1,0,Tcell
TTGAGTGCATGCGACC-1,6,Tcell
AGATAGACACCTCGTT-1,9,Myeloid
AGGACGATCCTGTGGG-1,10,Myeloid
GCGGTGTAGGCTTTAC-1,0,Tcell
CTTGCCAAGTTCGACT-1,8,Tcell
ATGTCTTAGTTACCAC-1,2,Tcell
TAATTCCAGCCGCTGT-1,0,Tcell
GCGGAAATCCTGTAGA-1,10,Myeloid
TTCATTGTCGGATAGG-1,4,Bcell
TTACGTTTCGACTGGC-1,0,Tcell
CAGTGCGTCTGCTACC-1,5,Tcell
AGACAAATCTGAACGT-1,9,Myeloid
TATGTGGGTTGTCGGC-1,0,Tcell
TATCGAGCAGACCTGC-1,0,Tcell
ACCGGGTGTTCCCGGA-1,0,Tcell
ATGTCTTTCTTACGGA-1,2,Tcell
TATTGCTTCCGAGAGA-1,0,Tcell
CAGGATTCACTCAAGT-1,2,Tcell
GCTCAGGTCGCATACA-1,6,Tcell
GCGATTAAGGTGTTGG-1,3,NK
TTATGTCGTATTCTGG-1,4,Bcell
ATTGTGGTCCCAGCAG-1,0,Tcell
GCACGCAGTATTCTGG-1,0,Tcell
TATGTTCGTAGACGCA-1,0,Tcell
CATTCCGCACAGGAAC-1,0,Tcell
GACCCAGCAAGGATGC-1,3,NK
GCACGCAAGTGATTAG-1,0,Tcell
GTCACGGAGAATCAGT-1,9,Myeloid
TGATCAGAGTGCTCGC-1,4,Bcell
ACTTTCACACATTGCA-1,5,Tcell
TTAACGGAGTGAAACT-1,9,Myeloid
AACATCGAGTCCCTCT-1,0,Tcell
TTGTCTACAATGCATC-1,0,Tcell
TCGATTTCATTGCCTC-1,0,Tcell
GAATCTGGTTGTATCG-1,5,Tcell
TCGAGCGAGACACTTC-1,3,NK
ACAAGCTCAATTGCCA-1,4,Bcell
TCGCAGGGTGCTGTGC-1,9,Myeloid
TGGGTTAGTATGTCCA-1,3,NK
GAGGCTCTCCCACTTG-1,9,Myeloid
CTAGGGCGTAACACTC-1,0,Tcell
ATCGAGTTCAGCCGAC-1,2,Tcell
AGCGTGCGTAGGTGAC-1,2,Tcell
CTCTCGATCGCAGATT-1,3,NK
GCACCTTCAATGGTAA-1,2,Tcell
GGTCATACACTCAAGT-1,0,Tcell
TGGCCTTAGTTCTCCC-1,11,Tcell
AGGCCCACATGCGTTA-1,5,Tcell
CTCTCGAAGCTCGTTA-1,9,Myeloid
CTTGCTGGTTGGTAAA-1,8,Tcell
TACAGCACAGACTAAA-1,6,Tcell
CTCAGAAGTATTCTCT-1,8,Tcell
CTGCGTTTCCAGGTCG-1,3,NK
TAGGTGTCATCGGCCA-1,0,Tcell
GAGATTCAGGCAGATC-1,0,Tcell
CGCAATAGTAGACGCA-1,0,Tcell
GACCGACCATAGCCGC-1,0,Tcell
ACAGCGCCAAGGGAGG-1,0,Tcell
TTACCGCTCACTAGGT-1,0,Tcell
GGTTGCGCAAATGCTC-1,6,Tcell
GCAGCTGGTGTACGCC-1,6,Tcell
ACTTTCACATCGAGTT-1,5,Tcell
GGTGCTGCAAGGAGTC-1,8,Tcell
TTGTTGTAGTGAGTGC-1,3,NK
TACCTCGGTCTAACCA-1,6,Tcell
GTGCTGGTCACAGGGA-1,11,Tcell
TATGTTCAGAAATTCG-1,3,NK
CTGCGTTGTGGAGTGT-1,3,NK
ACTACCCAGGGTCTGA-1,0,Tcell
GTGTGATCATCCCTTG-1,5,Tcell
CTTTGCGCATTATGGC-1,9,Myeloid
CCCTGATAGAGGTACC-1,0,Tcell
GGGTGTCAGTATGCTC-1,0,Tcell
ACTGCGGTCTTCAGAG-1,5,Tcell
TAAACCGAGTCCCGCA-1,0,Tcell
TTATGTCTCCTCCTGA-1,7,Tcell
ACATGCACATCGGCTG-1,0,Tcell
CCAATGATCAACTTGG-1,0,Tcell
TTGCTTAGTGTCGGTC-1,0,Tcell
TACCTCGCATACAACC-1,6,Tcell
GGATAGGGTAGATGAT-1,8,Tcell
ATGCATGAGGTTAACA-1,2,Tcell
CCGTGAGGTTCCGGCA-1,3,NK
AGTCCGGTCGATGTGT-1,4,Bcell
CTGGCAGCAACTCGAT-1,9,Myeloid
GTTACGAGTCTGCGCA-1,8,Tcell
TCCAGAAAGGAGGCGA-1,9,Myeloid
AAGGAGCAGTATAGTG-1,3,NK
CACATGACATTTCACT-1,2,Tcell
CCGAAGCGTAAGCCTT-1,0,Tcell
TGTACAGCAAGATTAG-1,0,Tcell
CGCAATATCTCTGTTA-1,2,Tcell
TCAGTTTAGGATTTGA-1,10,Myeloid
TTCAACTGTACCAAGG-1,2,Tcell
GCAGATTAGTCACGCC-1,3,NK
TAACAGCCAAGGATGC-1,0,Tcell
GAACCGCCAGTTACAC-1,0,Tcell
TTCATTGAGGGTTCTT-1,3,NK
ACGTGGCTCCTAAGTG-1,5,Tcell
TAATTCCGTCTGTGTA-1,9,Myeloid
GAGCGCTGTCACATTG-1,0,Tcell
AGCTATGGTACGGAGT-1,2,Tcell
AGTCAACAGCCGCAAA-1,0,Tcell
CCACAGGGTTAGCTCA-1,3,NK
CACCTGTGTTGGCTTA-1,6,Tcell
GGATGAGAGCCATCAT-1,6,Tcell
CAACGTAAGTAGTGTA-1,0,Tcell
AACGTACGTAGAAGCC-1,9,Myeloid
CTACTTATCTCGACCT-1,3,NK
GCCTACTCACATTGCA-1,6,Tcell
AAGGTTCGTCAGGCTC-1,4,Bcell
GCTGAGCGTGTTGTTG-1,9,Myeloid
GCTTAAGAGGGAAATG-1,2,Tcell
TGTGGCGGTGCATTCA-1,3,NK
TACATGGAGACACGGT-1,0,Tcell
GATGGCCGTGGCCTTG-1,3,NK
AGCCTCTAGTGAGCTG-1,0,Tcell
TACAGCACAAGCACTT-1,6,Tcell
CAACGGCGTGTAGGAC-1,4,Bcell
TAGCCCTTCCGTACGG-1,6,Tcell
TGTGACAGTAGGGTTG-1,4,Bcell
CAACGGCTCTTGTCAT-1,3,NK
ATCGAGTAGGGTAATT-1,2,Tcell
ATTACCTTCTTCCAGC-1,0,Tcell
TTTACGTCATTGAACC-1,0,Tcell
CACAGATCAGGCAGAT-1,6,Tcell
TTGCGAAAGTGCTCGC-1,6,Tcell
GAAGTGGTCACTCGTC-1,0,Tcell
TCCAGAAGTCATAGCT-1,2,Tcell
TACCTATGTATATGGA-1,0,Tcell
TCAGGTAGTGTGTGTT-1,5,Tcell
TGACAACGTGATCAGG-1,7,Tcell
TTTGGTTCAGGATGTG-1,2,Tcell
CTCAACCAGCCTGGTC-1,0,Tcell
ACTATTCAGGTTCGTT-1,0,Tcell
GAGGTCCAGAGCTGTG-1,0,Tcell
AGGCCTGGTTCGGGAA-1,3,NK
GCTCGAGAGCAGGACT-1,5,Tcell
CTCTAGCCAGGCAAGT-1,9,Myeloid
CAGCCTTTCGCGGCAT-1,0,Tcell
GGTAGGACACACACCG-1,0,Tcell
TAGGTCACACACGGTC-1,6,Tcell
AGGCGTCGTCTCTAAG-1,0,Tcell
CGTGGCATCAGCGGTC-1,9,Myeloid
TCAGTTTAGTCGCGTC-1,0,Tcell
AGCCTTCCACTCGGAC-1,6,Tcell
GACCAATAGTACAGTA-1,6,Tcell
TAGCGGCTCTCTGCGT-1,0,Tcell
ACTCGGGCACCTGGTG-1,6,Tcell
CTTCTAATCGCGTGAC-1,9,Myeloid
AAAGGGCTCTTCCAGC-1,3,NK
AATGGCTAGTTACCAC-1,0,Tcell
CGTGGCAGTCCCTAAA-1,10,Myeloid
CTGGGACTCTCTATTG-1,5,Tcell
GTCACGGCAGAACAGC-1,2,Tcell
TTGACGACACGTTACA-1,4,Bcell
AGTTACGAGCTATCGT-1,0,Tcell
CTCAGAAGTTCTCGAA-1,6,Tcell
CCAGATAAGTTCAAGA-1,2,Tcell
TAGCCCTCATTGAACC-1,3,NK
TTACGTTTCGTTCCGT-1,0,Tcell
ATAGGCTAGGAGACTC-1,6,Tcell
TACAGCATCTCCCTTT-1,7,Tcell
TCAGCTCTCGAGGTCC-1,0,Tcell
TGGCGCAGTCGTAGTT-1,4,Bcell
ACATGCAAGTTGCGCC-1,0,Tcell
GCCCAGACAGTTAAAG-1,6,Tcell
GCAGCTGAGTCTCGAT-1,9,Myeloid
TGTGACATCCGTACGG-1,0,Tcell
CGCGCAACAAAGGTCG-1,6,Tcell
AAAGGATCATTCGTCC-1,0,Tcell
GTGGCGTGTTTCGATG-1,10,Myeloid
TATTGCTGTGCTAGTT-1,6,Tcell
TCGAGCGCAGTAACTC-1,0,Tcell
CTCAGCTAGAATACTG-1,0,Tcell
GTGCACGGTTTGGATC-1,0,Tcell
TTGAGCATCCTAGAGT-1,0,Tcell
GCTCCTATCAGAACGG-1,8,Tcell
TATGTGGTCTCTTAAC-1,2,Tcell
CTCAGCTTCACTACCC-1,0,Tcell
CGTTCCACACTGCTTC-1,4,Bcell
AATGGCTGTTGAATAG-1,8,Tcell
TACGGATTCGGATAGG-1,0,Tcell
GTTATTCCACACATGT-1,0,Tcell
GCCTACTTCGGGCTCA-1,5,Tcell
GTGTCAAAGTGCTAGG-1,3,NK
CAGTGTAGTGTCGTCG-1,0,Tcell
GGAGAACTCGGTTGTA-1,3,NK
GCCTAGGGTCCATTGA-1,5,Tcell
GGGTTATAGGGAGATA-1,0,Tcell
GCCAGACCATGGGAAC-1,6,Tcell
CTCACCAGTTCAGTTG-1,0,Tcell
CTGGCAGCAGTTGGAG-1,9,Myeloid
TCTCAGCAGGTTCTCA-1,0,Tcell
TGCTTTAAGAACAGGA-1,0,Tcell
TGGAAGGGTAGGTGAC-1,8,Tcell
GTAGGAGAGGTTCTCA-1,4,Bcell
GACCCAGTCCTGTAGA-1,0,Tcell
ACTAACGAGAGGCAGG-1,4,Bcell
GCATGATTCAAATGGA-1,3,NK
AGCCCGACATGACTGT-1,6,Tcell
TAGTCCCAGTAACTCC-1,2,Tcell
TGGACATTCCTTTGAT-1,9,Myeloid
TCACAGACACTACACA-1,2,Tcell
CAGGATTGTATGTCCA-1,0,Tcell
TTGCGAAAGCTACGTT-1,4,Bcell
AAAGGGCGTGGACTGA-1,9,Myeloid
GTCTACCGTTACCACA-1,5,Tcell
TTCTAACGTCATAGAA-1,9,Myeloid
ATGTCGAGTACCGGCT-1,6,Tcell
AGCCTGGGTCATTGGT-1,5,Tcell
TCGCAGGGTACCCACG-1,3,NK
CACATGAGTAGCAGCA-1,4,Bcell
CCGTAGGCAAAGCTTC-1,0,Tcell
CCTGCTACATCATAGC-1,5,Tcell
GAGTGAGCAGGTGTGA-1,0,Tcell
GATGATCAGACACGGT-1,4,Bcell
TTAACGGGTCATGAGG-1,6,Tcell
GCCTACTCATATTGGC-1,2,Tcell
GGAGGATGTCAGCTTA-1,2,Tcell
AATACGCGTTGTGAGG-1,5,Tcell
TACTAGGAGGGTTCCC-1,7,Tcell
TAGGTGTGTCCATTGA-1,0,Tcell
GCATTCCGTAACTGAA-1,0,Tcell
GAGAACGGTGAGCTAG-1,6,Tcell
CATTGGATCGCTAGTA-1,0,Tcell
GGTTGCGTCTGGCACG-1,0,Tcell
AACCGATCACCATTCC-1,0,Tcell
GGCGAAAAGCCTCGCA-1,0,Tcell
TTACTTGAGGGAAGCG-1,0,Tcell
TCAGTCCGTTCTCGAA-1,0,Tcell
AGTGCCGGTTTGTAGC-1,4,Bcell
AACTGGTCATTAGCAC-1,2,Tcell
TTGCGGGAGCAACGGT-1,0,Tcell
GGGCCATAGTGATAAC-1,4,Bcell
GGAACCCCAGAGCCAA-1,9,Myeloid
GGAACTTGTGATAGAT-1,6,Tcell
AGCGATTGTGGACTGA-1,9,Myeloid
TTGAGCAAGGAGAACA-1,2,Tcell
CCTGCTAGTAACGGCA-1,6,Tcell
CGCTGGAGTAACGGTG-1,2,Tcell
TATGTTCGTCAGAAGC-1,0,Tcell
TCAATTCTCCGGAAAG-1,5,Tcell
TTGCTATGTGATGCTT-1,5,Tcell
GATTGACAGAACTCCT-1,0,Tcell
GGTGTCGAGAAGCCTG-1,6,Tcell
AGCCCGATCGCAACTA-1,4,Bcell
CACAGATGTCCCTTTG-1,4,Bcell
CGCACAGTCTAGTCGA-1,5,Tcell
GGGACCTTCACTTACT-1,0,Tcell
CTCAGAAGTGCTGAAG-1,0,Tcell
TGATTTCTCCCAATAG-1,6,Tcell
CACATGATCAGGAAGC-1,0,Tcell
CAGCCTTTCCATTGTT-1,0,Tcell
GCGATTAGTCTGATTG-1,6,Tcell
TTGCTATGTTTCCGGG-1,5,Tcell
TTTGTGTAGTAGACCG-1,0,Tcell
TCCAGAATCCACGGCA-1,4,Bcell
ACCGAATGTAGGTCTT-1,9,Myeloid
GATGATCAGCGGACAT-1,7,Tcell
TTTGCGCTCAGCACTA-1,5,Tcell
TCACTCGAGTAATCAG-1,2,Tcell
ACATGGTTCACTAGGT-1,0,Tcell
GCAACCGTCTTGTCAT-1,4,Bcell
AAAGATGGTCCAGACC-1,2,Tcell
TGCTATTGTGATAGAT-1,3,NK
AGTGTACGTGGCCTTG-1,9,Myeloid
ATCCCTGCAAGTTGCT-1,5,Tcell
GCAAAGGTCAGTCAAC-1,6,Tcell
GTCCATCGTCGAGGAT-1,0,Tcell
GTCACCTCAGTCAGCC-1,2,Tcell
AACAAAGCAATGGTAA-1,0,Tcell
GAAGAGCAGCTAGCAG-1,0,Tcell
CACATGACATTATGGC-1,6,Tcell
TCACTCGGTAGAATAC-1,6,Tcell
TCAGGGCCACAACGGA-1,6,Tcell
GGCATTATCCCATAGA-1,0,Tcell
ACCTGCTGTATTCACG-1,0,Tcell
TTACTCATCTGACATG-1,4,Bcell
GGTCATAAGGCTTTAC-1,4,Bcell
GAAATGACAAGCCTTA-1,0,Tcell
GACCGACAGGTCGGTA-1,9,Myeloid
TAGGAGGAGGAAGGTA-1,3,NK
AGTCAACCAAATTGAG-1,0,Tcell
AAGGAGCAGCAACTGG-1,9,Myeloid
ATGTTTCAGACAGCTG-1,2,Tcell
CTGAATGTCGACTGGC-1,0,Tcell
TAGGTGTAGCAGTAGC-1,2,Tcell
CTAGCGGAGTCCCGCA-1,4,Bcell
TGTGGCGTCAAGGCCC-1,3,NK
TTACCCGAGCAGTAGC-1,4,Bcell
CCTGGGATCACTCCCA-1,0,Tcell
TTACGTTAGGAGAACA-1,4,Bcell
GAGTGAGCAAAGCATA-1,0,Tcell
GGCGTTGGTACGTATC-1,5,Tcell
GAGGATGGTTGTGACT-1,0,Tcell
ACATGCAAGGACCGAT-1,0,Tcell
TCCAGAATCGCACCGA-1,5,Tcell
ACTGCGGTCTGGTACA-1,4,Bcell
ACAAACCTCGAAGCCC-1,6,Tcell
CCTAAAGTCAGGAAGC-1,6,Tcell
TGCCTCATCAAGAGGC-1,0,Tcell
GACCCAGTCAGTACAC-1,0,Tcell
TTCTGTACACAGTTAC-1,4,Bcell
ATAGTCGAGCCATCAT-1,0,Tcell
AGTGTACGTAAGTGCG-1,3,NK
GCCCGAAAGAACGCCA-1,0,Tcell
GCATGATTCCTCTCTT-1,0,Tcell
GGACACCGTAAGCCGA-1,3,NK
CCATACCGTTGGTAAA-1,2,Tcell
TACGGATAGGCTCAGA-1,4,Bcell
TGCTATTGTACGCCCA-1,0,Tcell
GGGTTATCAACGGGTA-1,3,NK
GGGTTATAGGTCCTCG-1,0,Tcell
GCTCACTGTTAGGCTT-1,5,Tcell
TACCTATAGTCTGGGA-1,3,NK
ATTGTCTGTGCCCGAT-1,0,Tcell
CTCTCAGGTTAAGGGC-1,0,Tcell
GACCTTCAGTTCAGGG-1,8,Tcell
CGTACAAGTTAACCGT-1,2,Tcell
GGCGTTGGTTCTGATG-1,6,Tcell
CGCTATCGTGGTGGTA-1,0,Tcell
ACCGCAGAGAGGCCTA-1,0,Tcell
CAGTATGGTTGGCTTA-1,0,Tcell
CTTGTCGGTTGCAGCC-1,9,Myeloid
GTGCACGTCGCGGCAT-1,0,Tcell
TCAGCTCCAAGAGCGT-1,3,NK
CCCGTTAAGTTCGACT-1,0,Tcell
GCGCATGGTCCGTAGC-1,2,Tcell
AGCCGCAGTACATGGG-1,5,Tcell
GTTCAAGCATAGATAG-1,1,Tcell
CCACAGGCAATGAAAC-1,0,Tcell
GCCATAAGTGAGCTAG-1,5,Tcell
AGCTGTACAAGCTTTG-1,0,Tcell
GGAGGATTCCCAATAG-1,0,Tcell
AACCTGACACGTTACA-1,5,Tcell
ACGTTAGTCTTCCGTG-1,6,Tcell
TTGAGCACACGGTGTC-1,0,Tcell
CTGCTCATCTGCTACC-1,1,Tcell
TGCTTCGCAAGGACCA-1,6,Tcell
TCGTTCGTCAGCACGC-1,0,Tcell
GCTTGCTGTATGCTAC-1,9,Myeloid
CGCAGGTAGAAGGGCG-1,0,Tcell
TTAGGTGAGTCGTGAG-1,11,Tcell
CCTTAATGTCAAATCC-1,4,Bcell
TTAGCGATCTCGGCGA-1,2,Tcell
CGCTATCGTGTGACCC-1,5,Tcell
CCGTGAGAGAGGCCTA-1,6,Tcell
TCGCAGGTCTATACCT-1,3,NK
AGCCAGCCAACGCACC-1,3,NK
GGAACCCGTTCTTTCA-1,6,Tcell
CATGTTTCAAGACTTC-1,2,Tcell
GAGCGCTGTGGTGGTA-1,8,Tcell
ACGGATTGTCGTAGTT-1,5,Tcell
CGAGTTAGTCATCGTA-1,6,Tcell
GTCGTAAAGCTAGTTC-1,6,Tcell
TAAGTGCGTTTCGATG-1,4,Bcell
CTCGCTAGTATTGTCG-1,6,Tcell
TCCAGAACAGGGAGTT-1,0,Tcell
ATATTCCTCCTAAGTG-1,6,Tcell
TACCCTGTCTGTGTGA-1,0,Tcell
TCGCCTACATCCGTAA-1,0,Tcell
TGCTTCGTCGCGGCAT-1,9,Myeloid
CACATGAAGCCTATAC-1,0,Tcell
GCCAGCACAATGTGTC-1,6,Tcell
TGTAGCATCGGTCTCT-1,0,Tcell
AACCTTTAGATGCGAC-1,4,Bcell
GGACACCAGAGTCCGA-1,4,Bcell
GGTCATAGTGAATGTA-1,4,Bcell
TACATTCGTCTGCGCA-1,5,Tcell
CATAACGTCGGACGAA-1,5,Tcell
GTGCCAGTCTTGTCGC-1,4,Bcell
ACAAACCGTTCCCGGA-1,0,Tcell
TGTAAGCTCAGCACGC-1,6,Tcell
TACGGATGTATCCCTC-1,9,Myeloid
ATCCAGAAGGGTTCTT-1,0,Tcell
AACCGATTCGTCAACA-1,9,Myeloid
GGATAGGCACAGTTAC-1,2,Tcell
GAACCGCGTGGCCTTG-1,2,Tcell
GAAGTGGTCGAGCGCT-1,7,Tcell
CAGTATGAGTACGCGA-1,0,Tcell
TTACGGAAGGGTCTGA-1,9,Myeloid
GCGTTGGTCACAAGCT-1,0,Tcell
TGGTCCTCAAATTCCG-1,0,Tcell
GAGTGAGGTTATAGAG-1,2,Tcell
GCACCTTTCCCAGTAA-1,2,Tcell
GATGATCGTAACGTAA-1,0,Tcell
GTTACGACATACCCGG-1,0,Tcell
TGATTTCGTTACTACG-1,5,Tcell
CACTAAGTCGTGATAC-1,6,Tcell
TGCATTTAGAGAACCC-1,0,Tcell
AACATCGCAGTAACTC-1,0,Tcell
CAGGATTCATTTCTTG-1,9,Myeloid
TAGGTGTTCGTGCTTC-1,6,Tcell
AGGCCCACATGGGAAC-1,0,Tcell
CTAGGGCTCCAATAGC-1,0,Tcell
ACGTGGCAGGAATGGA-1,0,Tcell
GAAAGTACACGCGTTG-1,0,Tcell
AGGCCTGAGTAACACA-1,0,Tcell
GCGAGTCAGGTGTTGG-1,0,Tcell
GGTACCGCATAGTCCA-1,6,Tcell
TACATGGGTCCCGTGA-1,3,NK
TTGCACCGTGTCTACA-1,6,Tcell
TGGTCCTCACCACCAG-1,2,Tcell
ACTTCCGGTGCATTGT-1,0,Tcell
CACTAAGCAGGTCCTG-1,6,Tcell
AAAGGATAGGTGTTGG-1,0,Tcell
GTCCATCAGCGTCAAG-1,2,Tcell
CAAGGCCGTCTCGGGT-1,4,Bcell
CTCGCTATCCGCCTAT-1,0,Tcell
CCGTACTTCGTTACAG-1,3,NK
TAGCGGCGTGTCTACA-1,3,NK
TTGCGAAAGTAGACCG-1,5,Tcell
CTGCGTTGTAGATTAG-1,5,Tcell
GGGTCTGCATGGCCTG-1,0,Tcell
CTCAGAATCGCCAGAC-1,5,Tcell
GACCAATCAAGCTTTG-1,5,Tcell
GGGACCTAGTTGGAAT-1,0,Tcell
AGATTCGGTACCCACG-1,0,Tcell
TGATTTCGTAAGTCTC-1,6,Tcell
CGTAAACTCCGAGGAA-1,7,Tcell
TGGCAATAGCGCAATG-1,4,Bcell
AAATGAGTCTGGCGCA-1,9,Myeloid
CCCTCTCGTAACCCAT-1,4,Bcell
GGGCCATGTGCTGAAG-1,8,Tcell
GAGACTTGTCATGAGG-1,3,NK
TTATGTCGTAAGTGCG-1,9,Myeloid
AAACGAACATTCGTCC-1,3,NK
TCTATTGTCGCCAGAC-1,0,Tcell
AGCGTATGTCGACTGC-1,3,NK
TTTGTGTCAATGCACT-1,5,Tcell
CTGTTCGGTCTGTGTA-1,6,Tcell
AGCCTCTTCGGAGTTT-1,10,Myeloid
GCCTACTCATCGACGC-1,0,Tcell
TGGAAGGGTAATGCAA-1,9,Myeloid
AGCCTCTCAATGGTAA-1,5,Tcell
AACCTTTCAACTCAAC-1,9,Myeloid
CCCTAGTAGTGAGCAC-1,9,Myeloid
TTGTCTACAAGCCAGA-1,5,Tcell
GTGCTGGTCCATTGTT-1,5,Tcell
CGCAGGTAGATATGAC-1,3,NK
GATGGCCCACGAACGA-1,0,Tcell
ACTATTCGTTCTACCC-1,5,Tcell
GGTCATATCTGGTACA-1,10,Myeloid
GTGCCAGGTGAATGGC-1,0,Tcell
GTAATCGTCCGCGATG-1,3,NK
TCGTTCGCAGTGGTCC-1,0,Tcell
TAGGTCATCGCTATTT-1,6,Tcell
AGGCCTGTCTGTGTCC-1,0,Tcell
GCGAGTCGTTGTGACT-1,0,Tcell
AACTTGGGTTATAGAG-1,8,Tcell
GTTGGTAGTATGTTCG-1,6,Tcell
GGTGCTGCATCCCGGA-1,6,Tcell
TGGGTTAAGAGGCGGA-1,6,Tcell
TCCCACAGTAAAGCTA-1,3,NK
ACCCAAAAGGGTCTGA-1,0,Tcell
ACAAAGAGTCACCCGA-1,0,Tcell
AACATCGCACGAACGA-1,0,Tcell
CTGGGACTCGCTATTT-1,4,Bcell
GTTATTCCACAGTTAC-1,11,Tcell
TAACGGTTCTTAAGCG-1,2,Tcell
CTGTTCGAGCTTCAAC-1,0,Tcell
AGCTGGCGTGCTTGAT-1,6,Tcell
ATGTCGAGTTCTGATG-1,6,Tcell
GGAGGATGTCAGACGA-1,3,NK
GTTACGAGTAACGGCA-1,7,Tcell
CTTTGCGGTCGAGAAC-1,4,Bcell
GCCCGAAGTCACATTG-1,3,NK
GTGCTGGGTAGACACG-1,6,Tcell
AGCGTGCAGGCCTCTG-1,3,NK
ACTGCAACAGCGTAGA-1,6,Tcell
TATCGAGAGTCATCTG-1,0,Tcell
CCTCCCTTCAGGCGCT-1,2,Tcell
ACATGGTAGGTGAACC-1,6,Tcell
CATGCCTAGGCAGTGT-1,2,Tcell
ATCCCTGAGGAGTACC-1,3,NK
ATTACTCCAGCAATGG-1,0,Tcell
TTGCGGGAGTTGAATG-1,0,Tcell
GGAACCCAGGTAAGCC-1,4,Bcell
TTTGGTTGTAGAACGC-1,0,Tcell
CCCGTTAGTGAAACAT-1,11,Tcell
TGACTCCGTTCCCAAA-1,0,Tcell
CAACCAACAAAGCTGG-1,4,Bcell
GATGGCCCACGTTAGT-1,0,Tcell
TTACTCAGTTCCAATG-1,0,Tcell
TAAACCGTCAGAGTGG-1,0,Tcell
TTCGGTCTCAGAGTGG-1,2,Tcell
AGTGCGCGTTTAAGGA-1,6,Tcell
GTCCATCTCCAATCCC-1,0,Tcell
AATGGCTTCGCTACCT-1,0,Tcell
GTCCATCTCCTCTCTT-1,2,Tcell
CTCGCTATCCATCTAT-1,4,Bcell
TAGCGGCCATTGAACC-1,8,Tcell
TGGCGCAAGATTCCGT-1,0,Tcell
TTTGGCCCAGCGTGAA-1,2,Tcell
TCAGCTCAGGATTAAC-1,0,Tcell
ATATTCCAGAGATTAC-1,0,Tcell
GTACTTTCATTGTTCT-1,0,Tcell
TCCGACTCACTAAACC-1,4,Bcell
CCTGGGACATTCTTTG-1,0,Tcell
CTTCCAGTCATGCTTT-1,0,Tcell
CCCGTTATCGATGCAT-1,5,Tcell
GGGTGTCAGAGGCGGA-1,0,Tcell
TTTACGTCAATGGCTT-1,6,Tcell
CACTAAGGTCAATCCA-1,5,Tcell
CTCTACGCAAGGTTCT-1,0,Tcell
GCTGAGCGTACTATGC-1,3,NK
CGTGGCAAGTTGTCCA-1,0,Tcell
GAAATGAGTCCTTCAC-1,2,Tcell
TTACGTTCACGCGCAT-1,8,Tcell
GAACGTTAGTGTCCCG-1,9,Myeloid
TACCCTGAGGGTGTTG-1,0,Tcell
TTTGAGGAGCTAACAA-1,0,Tcell
CATTCATCAAGAGCGT-1,0,Tcell
GCATGATCATGGCCGT-1,8,Tcell
GCCCAGACAAGCGGTA-1,9,Myeloid
GAGCGCTTCTGTCGGG-1,0,Tcell
GCGATTAGTCATTGCA-1,6,Tcell
AGATAGATCGTTCCGT-1,2,Tcell
TAATCGGGTCATAGAA-1,0,Tcell
GAGAACGGTCTCTGGG-1,0,Tcell
ACAGAAAAGAGCCTGA-1,4,Bcell
AACCTGATCGAGGCTC-1,0,Tcell
ATATTCCCACGGCCAT-1,5,Tcell
TGAATCGGTAGTATCC-1,8,Tcell
CCTTAATCACGCTAAT-1,2,Tcell
CACCTGTTCTGGGCGT-1,5,Tcell
TATCTGTTCACACGTA-1,4,Bcell
CAGTATGTCGATGCAT-1,8,Tcell
GAGAACGTCAGTCACA-1,5,Tcell
TCAGCTCTCTTACGGA-1,0,Tcell
ATCCTGCCAAATGCTC-1,0,Tcell
ACCATCCGTGATGCGA-1,8,Tcell
CGTACAACATCCGTAA-1,5,Tcell
CTCTACGTCGTTGTTT-1,0,Tcell
CTGTTCGCAAATGCTC-1,3,NK
AAAGGATAGTCGTGAG-1,0,Tcell
AGCTGATAGAATCAGT-1,0,Tcell
ACAGAAACAAGACTAA-1,5,Tcell
AGCTGTATCCACGGCA-1,4,Bcell
CTGTATTAGCGTAGCA-1,0,Tcell
GCGCATGCATGGTATC-1,6,Tcell
TTCGATTTCGGATAAA-1,2,Tcell
GGAATCTCAGATTTGC-1,2,Tcell
TCGATTTAGTCACACT-1,6,Tcell
TTGTTCATCGGTACTA-1,10,Myeloid
AGATAGACAACGTCCG-1,3,NK
AGCCTCTGTATTCGAC-1,0,Tcell
TTGCACCGTAGCCATT-1,3,NK
AGCTGGCAGTCTAGAA-1,2,Tcell
CATGTTTCATCATAGC-1,2,Tcell
CACCACTTCTAGCAAC-1,0,Tcell
CGAGTTACAGACCTGC-1,0,Tcell
TAGCCCTAGCTAACAA-1,8,Tcell
AGCTGTATCACTGATG-1,0,Tcell
CTCAGAAGTTGCCTGG-1,0,Tcell
AGCTGTAAGATCTAAG-1,3,NK
TACAGCAGTTCCGCGA-1,9,Myeloid
GCGATCGCAGTTGCAT-1,0,Tcell
CTGCTCATCCGGAAAG-1,0,Tcell
GTCACCTGTACGCAAG-1,9,Myeloid
TGCTATTAGTCTCTAG-1,5,Tcell
TTGTTGTGTAGCGGTA-1,5,Tcell
TGGAAGGTCTCCAACC-1,0,Tcell
CCCTAGTCAGCACATT-1,9,Myeloid
TACGCAATCGTGGGTC-1,0,Tcell
GCGAGTCAGGATTAAC-1,9,Myeloid
CGTGGCAGTTCTACGA-1,3,NK
CTCGCTAGTCAATACC-1,4,Bcell
GCGCCAAAGAGTGGTC-1,9,Myeloid
ACTAGGTTCACATTCT-1,2,Tcell
GCTCAGGCACAGTAGG-1,9,Myeloid
TTCGTTACAACGACAG-1,3,NK
GGAGGATCAGTATCTG-1,9,Myeloid
TAACGGTCAAGGAGGG-1,8,Tcell
CTGTTCGAGCTCCGGT-1,2,Tcell
TCCGACTGTGAATCGG-1,0,Tcell
ACGTTAGCACCACCAG-1,0,Tcell
CCCTAACGTTACCACA-1,6,Tcell
CGCTGGACAGCAATGG-1,0,Tcell
GGAGTAGAGGCGATTG-1,0,Tcell
GGACACCCACTCGCAG-1,5,Tcell
GGAGGATAGGCCTAAG-1,0,Tcell
TGCACCTTCGGATAGG-1,8,Tcell
ATCCAGAGTATCCCTC-1,6,Tcell
CCTTGCAGTCACTCTC-1,0,Tcell
AACCGATTCCGTACGG-1,2,Tcell
ACATGCATCGTGTGCG-1,2,Tcell
CACAACAAGACCGCAA-1,3,NK
CGCTAGGGTGGTCGAA-1,0,Tcell
CTTGTCGTCTCTATTG-1,6,Tcell
GCTCCTAGTTTAGGAA-1,9,Myeloid
TTGAGTGCACCGAATT-1,2,Tcell
GCCTAGGCAACACGGA-1,6,Tcell
GGGTCTGCAAACGACG-1,0,Tcell
AACCAACAGGAAGGTA-1,2,Tcell
CCGTACTCAGGGTAAC-1,3,NK
ACTAGGTCAAGCAGGT-1,9,Myeloid
CTTCCAGGTGCGTCCA-1,0,Tcell
GGCACGTGTTTGAAGA-1,6,Tcell
GGGTGTCTCTCTATTG-1,6,Tcell
ATCCTGCGTCGTAGTT-1,3,NK
TCAGTCCAGGCCAGTA-1,0,Tcell
GCCATAATCGTGAACT-1,6,Tcell
TGGCAATAGTGGACGT-1,4,Bcell
GAGGATGGTATGCTAC-1,0,Tcell
GGCACGTAGGACCGAT-1,2,Tcell
CACCTGTGTTGGGAAC-1,0,Tcell
TCGCAGGTCGTTTGAG-1,0,Tcell
CCACGTTAGGCCAATG-1,7,Tcell
CTAACTTAGCTGAATA-1,4,Bcell
TTTGAGGGTGTGTGCC-1,2,Tcell
TCAGTTTGTCAGAAAT-1,6,Tcell
TTCTAACTCGATAGTC-1,5,Tcell
TGACAACGTTAGCTCA-1,4,Bcell
CACGTTCCACCGAAAG-1,0,Tcell
CTACAGACACTGATAC-1,0,Tcell
AGCGATTAGATCGCCC-1,0,Tcell
CACCACTAGTGTAATG-1,6,Tcell
CGAGTTACAATTCTCT-1,0,Tcell
GCTGAGCCACCTGTGG-1,0,Tcell
CTCGCTAAGGTGAACC-1,9,Myeloid
GTGCACGTCCTTGACC-1,6,Tcell
GCGGAAACACAATAAG-1,0,Tcell
TTCGGTCCAAGCGAAC-1,3,NK
TAAACCGCATGATCGT-1,6,Tcell
CAAAGCTGTAATGCAA-1,2,Tcell
ACCGCAGGTGTCTCGG-1,0,Tcell
GATGATCGTGCCAAGA-1,0,Tcell
TAATTCCCAAAGCATA-1,11,Tcell
TATGTGGAGAACGTTA-1,0,Tcell
CGTACAAAGATATGAC-1,9,Myeloid
TAGCCCTCATCCGTAA-1,0,Tcell
TAGCACAAGTTGCCGC-1,0,Tcell
GCTCCTAGTATCAGCT-1,10,Myeloid
ATCCTCGGTGAGAGTC-1,6,Tcell
CAGCTGGGTCCAACCG-1,6,Tcell
CCACAGGCATGGGACA-1,5,Tcell
AATGGCTCAGGCAAGT-1,4,Bcell
CTAGGGCCAAGCGAAC-1,8,Tcell
TCAGGGCTCAACACGT-1,6,Tcell
TTGTTCAAGTTGCCGC-1,9,Myeloid
AGCGATTGTTGGACGA-1,0,Tcell
ACCCAAATCCGGAAAG-1,0,Tcell
TGGGTGCCAGCAACAG-1,2,Tcell
GGGACCTCAGTGGTCC-1,8,Tcell
TTGCTATTCCTGACCT-1,4,Bcell
TTTGGTTTCTGACATG-1,9,Myeloid
CCACAGGCACGCGATC-1,0,Tcell
TTAGCGATCTGCGTCT-1,9,Myeloid
GTCACAAGTCCGCTTT-1,5,Tcell
TTGAGTGGTGTCGGTC-1,8,Tcell
CCAGAATCATCGGCCA-1,9,Myeloid
TACGGATAGTCGTGAG-1,3,NK
GTAGTACAGGCTCAGA-1,6,Tcell
GTTACTTGTCGATAGG-1,0,Tcell
CGGACTGGTCGATAGG-1,11,Tcell
ATCCCTGAGTTGTCCA-1,0,Tcell
ACTTCCGTCGCTATAG-1,0,Tcell
ATGTACGAGTCCCTCT-1,9,Myeloid
TGAGCCGAGCGGACTA-1,8,Tcell
ATGTCTTGTTGTCGGC-1,8,Tcell
CAGTGCGTCATCATGG-1,8,Tcell
TCTCAGCCACCGTCTT-1,0,Tcell
GGGTTATCAATGCCAT-1,9,Myeloid
GACCGACGTAAGTCTC-1,5,Tcell
TCGATTTCAAAGGTCG-1,5,Tcell
AACAAAGAGGTACTCT-1,5,Tcell
GTCACAAAGGCCTCTG-1,8,Tcell
CTTGTCGCAAGGACCA-1,0,Tcell
CAGTATGGTCTAAAGA-1,8,Tcell
GGAACCCTCAGAGTGG-1,9,Myeloid
CCCACATGTATTGTCG-1,4,Bcell
TGCTCACCACCACCAG-1,3,NK
AACCAACAGGATATCA-1,0,Tcell
GGTAGGAAGTTCGTTG-1,2,Tcell
AGATTCGCATGCTATG-1,0,Tcell
GCGGTGTTCGGGTCCA-1,0,Tcell
GAAGAGCGTTCCAATG-1,0,Tcell
TACGGATCACAGGAAC-1,0,Tcell
ATTTGTCTCCACGAGC-1,3,NK
AAACTGCTCGATGTGT-1,0,Tcell
TTGTCTACACTCCACT-1,3,NK
CACTAAGCAGGTCTGC-1,0,Tcell
GCTTAAGCACGAACGA-1,5,Tcell
TCAAGGTGTGACAAGC-1,5,Tcell
TAGACTGAGAGTTCGG-1,3,NK
TCGGGACTCACTAGCA-1,9,Myeloid
TCGGGACGTATTCTTC-1,3,NK
TAGCTTTAGGATTGAT-1,5,Tcell
GGAGTAGAGCTGGAGT-1,6,Tcell
CTGAATGAGAGATTAC-1,2,Tcell
ATGCATGTCGGTAGGA-1,8,Tcell
GGAACTTCAGCAATGG-1,2,Tcell
GCTGTTCGTGACAAGC-1,9,Myeloid
GCATTGAGTATTCGAC-1,0,Tcell
TCTAGTTAGAAAGCAG-1,2,Tcell
CGATGATAGTCCTTCC-1,6,Tcell
TAATCGGAGCGTAGCA-1,5,Tcell
TCTATTGCACAATAAG-1,0,Tcell
GCAGATTTCGTTACAG-1,0,Tcell
GCTGAGCTCTTCTCTC-1,2,Tcell
TCAGTCCTCTGAAAGA-1,6,Tcell
TCAATTCGTTGGTAAA-1,11,Tcell
GCGCCAACATCGGCCA-1,8,Tcell
ACTTTCAGTGATAAGT-1,0,Tcell
GGGACCTGTGCTGGCT-1,0,Tcell
TGGCCTTTCATGCTTT-1,0,Tcell
ACTACCCAGGCGTAGT-1,0,Tcell
CTCATGCCAGATACAA-1,9,Myeloid
CAGTGTAGTCGTAGTT-1,2,Tcell
TACCTATTCTAGCAGT-1,3,NK
GGGACCTCAAACCCTA-1,3,NK
GTGTCCTTCGCTCGGA-1,0,Tcell
CCTTGGTCATGGATGG-1,0,Tcell
GTACTTTCAGAGAGAA-1,6,Tcell
TTGCCCATCCAATCCC-1,0,Tcell
TCAGTTTTCCCGCAAG-1,0,Tcell
GTTATTCTCCAACGCG-1,0,Tcell
AAATGAGCATGTAGAA-1,0,Tcell
AGACAAACAAGCACTT-1,0,Tcell
ATTACCTCACGCGATC-1,5,Tcell
GCCAGACGTGGCCTCA-1,0,Tcell
CCTTGGTGTAACGGTG-1,0,Tcell
TAGGTCAAGGGTAATT-1,4,Bcell
CCATACCGTTCAGTAC-1,2,Tcell
TTACTTGTCTTTGCAT-1,9,Myeloid
GTCACAATCGTGAGTT-1,5,Tcell
CGGACTGGTGTGAGGT-1,0,Tcell
ATGTTTCAGGTTACAA-1,0,Tcell
TAACTTCAGGTGATGC-1,0,Tcell
GAAAGTACAACGTAGG-1,3,NK
AACCTTTAGAATACTG-1,6,Tcell
TTGCGAATCTGATCTT-1,2,Tcell
GATTGACTCTAGCAAC-1,0,Tcell
GGTGCTGAGTGTCGCC-1,9,Myeloid
TAGCATGGTAAGCCGA-1,7,Tcell
AGCCAGCCAAACCCTA-1,8,Tcell
ATTGTCTAGGTTGTTC-1,8,Tcell
GCGGAAACACTACACA-1,2,Tcell
ATCCTCGTCGTGGCGT-1,0,Tcell
GTGTCAACAGAATGCG-1,5,Tcell
GTGATCAAGTGCTCGC-1,7,Tcell
ACCGCAGAGTTCAGGG-1,6,Tcell
GTCACTCAGGATATCA-1,2,Tcell
AGACAAACAGCTGATT-1,6,Tcell
TAACGGTCAAGACACG-1,0,Tcell
TACATGGTCTTCAGAG-1,3,NK
TTATGTCAGTTCTCCC-1,9,Myeloid
GCTCAGGCAAGGGTAC-1,5,Tcell
GTAGGAGGTTTCACCC-1,2,Tcell
CGATGATCAAGGAAGA-1,0,Tcell
TTCGCGTCACAGCCAC-1,2,Tcell
CTGCTCAGTGCACTTA-1,0,Tcell
ATATTCCAGAATATCG-1,6,Tcell
ATGTCTTGTCAGTGTT-1,5,Tcell
CTAGCGGAGCTGATTC-1,8,Tcell
TACCTATGTTAGCTCA-1,2,Tcell
TTATGTCCAGTTCGGC-1,0,Tcell
CTGTATTCATCGAGTT-1,0,Tcell
GAAAGTATCGGGACAA-1,0,Tcell
TTTGTGTTCACCGCGA-1,2,Tcell
GAACCGCCAAATAGTG-1,4,Bcell
TGCTATTGTCCGTAGC-1,3,NK
AACCTTTCACGTACAT-1,4,Bcell
CACCTGTGTGCATTCA-1,0,Tcell
ACATGCACAACGTAGG-1,0,Tcell
CCTTGCATCTTGGCCT-1,0,Tcell
TGGGTGCCAATGCATC-1,5,Tcell
GAGAACGGTGCTGAAG-1,2,Tcell
AGGACGAAGTAGGTCG-1,2,Tcell
GATGATCCAAGAGATT-1,0,Tcell
CCCGTTATCGATTACG-1,9,Myeloid
CTTGTCGGTATGCTAC-1,0,Tcell
GACCGACTCACGTGTA-1,6,Tcell
GGGTTATAGAGTGGTC-1,0,Tcell
TTACTTGAGTGTAATG-1,9,Myeloid
ATTACCTAGGCCTAAG-1,0,Tcell
CAAAGCTAGGCCAGTA-1,4,Bcell
GCATGATAGTGGACGT-1,0,Tcell
TCGATTTTCTAGTCGA-1,3,NK
TGTGGCGGTGCGTGTC-1,0,Tcell
GGGCCATCATGCCCTT-1,5,Tcell
ACTGCGGAGGCATGCA-1,4,Bcell
TGTACAGGTTATGCAC-1,10,Myeloid
GTGATCAGTACGGTTT-1,8,Tcell
TAGCGGCCACGCTGTG-1,5,Tcell
CGTTCCATCCACACCT-1,3,NK
CCGAAGCGTTCCATCC-1,2,Tcell
TACCCTGGTATCAGCT-1,2,Tcell
ACAGCGCGTGTACGCC-1,11,Tcell
TCCCACAAGGTGTCGA-1,0,Tcell
ACAAACCTCTATATCC-1,9,Myeloid
GCATTGATCGGTTCCT-1,0,Tcell
CTTTGCGGTGCATTGT-1,0,Tcell
GTCCATCAGGCTAAAT-1,6,Tcell
AATGCCAAGACCTATC-1,3,NK
TGCTCGTTCGGTAGGA-1,0,Tcell
GAAGTGGTCGGTGATT-1,0,Tcell
TGCTATTAGGGTCCCT-1,5,Tcell
ATGTACGCATAGAATG-1,3,NK
TATGTGGTCGCCTTAC-1,4,Bcell
GCCCGAACATGACTGT-1,10,Myeloid
CTCTCGAAGTTGTCCA-1,8,Tcell
TTCGATTGTACAACGG-1,8,Tcell
TTCGTTATCTGATCCC-1,8,Tcell
CTTCTAAGTCAGAAAT-1,5,Tcell
GCGATTAGTCCTCAGG-1,0,Tcell
AGCCAGCGTGAAACAT-1,0,Tcell
TATTGCTAGGGAGATA-1,0,Tcell
CTCAACCGTGTACGCC-1,2,Tcell
AGCCTGGTCCTCATTA-1,0,Tcell
GTTGGGCTCCTGGAAT-1,0,Tcell
ATCGAGTAGAGTAAGG-1,0,Tcell
TTACGTTTCTCTTCTC-1,5,Tcell
CCGTAGGGTTTCGATG-1,9,Myeloid
ATTACCTAGCCCATTA-1,0,Tcell
GATTAGCGTCGATTAC-1,9,Myeloid
ACGTGGCGTACTTCGA-1,0,Tcell
CATGTTTCAGCAATGG-1,0,Tcell
TATGTTCTCCTTGACC-1,0,Tcell
TATGTGGCACATTGCA-1,0,Tcell
GACTAGTTCGCTATAG-1,0,Tcell
CAACGGCCAACACGGA-1,0,Tcell
ACTGCGGGTCCCGTGA-1,9,Myeloid
TTACTTGGTCAATACC-1,0,Tcell
TAGGTGTGTCTCAAAC-1,0,Tcell
GCAACCGCACATGATC-1,5,Tcell
TCGCAGGCACGGCCAT-1,0,Tcell
CCAGATATCGATCTTT-1,1,Tcell
ACAGCGCGTCAATCCA-1,0,Tcell
GTCTACCTCATGAACC-1,0,Tcell
ACGGATTGTACGTATC-1,0,Tcell
GAAACAATCAGTGTAC-1,0,Tcell
GCGCCAAAGCAAGGTC-1,3,NK
CAGGATTCAACATAAG-1,0,Tcell
TTGCGAACACTCGTGG-1,2,Tcell
GGCGAAATCGGGATCC-1,0,Tcell
GTTATTCCACAATAAG-1,0,Tcell
AACGAGGAGACAGTGC-1,0,Tcell
GGCGTTGGTAGCAGCA-1,0,Tcell
TGCACCTTCCTGGGAC-1,2,Tcell
AGACAAACACCTACCT-1,8,Tcell
CGTACAATCCTTGACC-1,0,Tcell
CTAGCGGTCTTACTCA-1,9,Myeloid
TGTACAGGTGAGTCGA-1,5,Tcell
GGTCATAGTGATGCTT-1,5,Tcell
AACCTTTTCTCGCGTT-1,9,Myeloid
ATCGAGTTCTATCTAC-1,0,Tcell
CAGGGCTCAAAGACGC-1,0,Tcell
AACGGGATCCCTACGT-1,0,Tcell
GGAACTTAGTCCGGAA-1,7,Tcell
TAAGCCACACTGTCGG-1,5,Tcell
CATTCCGTCTGCCGAG-1,0,Tcell
TAGCCCTAGGGAAATG-1,0,Tcell
AGGCCTGCAATCAGGG-1,0,Tcell
ATCCAGATCTTCCGTG-1,0,Tcell
CAGCCTTTCGATGCAT-1,8,Tcell
ACTATTCAGTGTCGCC-1,0,Tcell
TTGAGCAGTTGGTAAA-1,6,Tcell
CCTTGCATCAAGAGAT-1,2,Tcell
TGGAAGGCACATGATC-1,0,Tcell
GTGCTGGCACTTATGG-1,4,Bcell
GGGTGTCTCTTACTCA-1,4,Bcell
CACTGAAAGCCATGGA-1,9,Myeloid
TTACCGCTCTGGTACA-1,0,Tcell
TGGGTGCTCACATTCT-1,4,Bcell
TTGCTATGTCTGGGCT-1,3,NK
GTTACTTTCTTTGCAT-1,10,Myeloid
AGCCAGCCAGATAAGT-1,0,Tcell
CTTCCAGAGGGCTTCC-1,5,Tcell
GTTATTCTCACTAGCA-1,3,NK
GCGTAGCAGACTCGGA-1,6,Tcell
AAACTGCTCATAGGTC-1,5,Tcell
TGCTTCGAGGAGTACC-1,0,Tcell
CAGCTAACATGGCCCA-1,2,Tcell
TGACTCCGTACAAGCG-1,0,Tcell
TTGTCTAGTGTCGTCG-1,0,Tcell
ACTTTCATCACACGTA-1,4,Bcell
CTGTATTTCTTACCTA-1,4,Bcell
CTTAATCCATAGCCGC-1,0,Tcell
TCTCTGGGTGCTTGAT-1,3,NK
TGAATCGAGTTACACC-1,0,Tcell
CCTGGGAGTCTCAAAC-1,0,Tcell
TTTGTGTGTATTCTTC-1,3,NK
ACTACCCAGAAATACC-1,4,Bcell
ATGTTTCTCTGACATG-1,8,Tcell
CTTGCCATCGGTCCGA-1,2,Tcell
TCAAGGTCAAACGTTC-1,5,Tcell
AAACTCGCAACGGGTA-1,0,Tcell
CTCTAGCAGAGGAACA-1,9,Myeloid
CAGGGCTCACTGTCAA-1,0,Tcell
CTTGCCAAGGTAGGAA-1,0,Tcell
GTAGACTGTGTCGTGC-1,9,Myeloid
TATCGAGGTTGAATAG-1,0,Tcell
TAGCATGAGTCCAGAG-1,5,Tcell
TCAAGACTCTGGGCGT-1,3,NK
CCTTAATCACTTATGG-1,7,Tcell
CACGTTCCAAGACACG-1,6,Tcell
GGCGAAAGTGAGGTCA-1,3,NK
CGTTCCATCTGGCCAG-1,2,Tcell
TGGCAATCAACGCACC-1,0,Tcell
CCTTAATTCACCCGGA-1,3,NK
TACTGCCCATCCGTGG-1,0,Tcell
GACCGACTCCCTATTA-1,0,Tcell
CGGTGCATCAGGCGCT-1,9,Myeloid
CTCTAGCAGACGCCAA-1,0,Tcell
AGGCCTGCAAGCCTTA-1,9,Myeloid
TGCGTAATCGCTGATA-1,0,Tcell
TTAGCTTGTAGACGCA-1,3,NK
GTTATGGTCTCTGAGA-1,0,Tcell
AACATCGTCATGCTTT-1,2,Tcell
GAGCGCTGTGATTCCA-1,0,Tcell
GATCGTACAAAGACGC-1,9,Myeloid
TTTGTGTTCACAAGCT-1,0,Tcell
CGGTGCATCAGAATGA-1,8,Tcell
GAGAACGGTGCGACCT-1,0,Tcell
GTTGGTAAGGGTTCCC-1,5,Tcell
CGCTATCCAACGTAGG-1,4,Bcell
TAATCGGAGCATACCT-1,0,Tcell
CCTCCCTTCCAGGCCA-1,0,Tcell
AGCTGATAGTCCAGAG-1,6,Tcell
TGAATCGTCACTAGGT-1,6,Tcell
TTGGTCCAGAACAGGA-1,0,Tcell
ACTGCAACATAGTCCA-1,4,Bcell
TTAACGGTCCAGGTAT-1,8,Tcell
TCAGGGCGTTCCCGGA-1,6,Tcell
AACCTTTTCAGCACGC-1,3,NK
ACCGAATCATCTGCAA-1,0,Tcell
TCGTTCGCAATGGCAG-1,5,Tcell
TTACGTTCACATTGCA-1,6,Tcell
GGGACCTTCCTCCAGT-1,6,Tcell
AGTCCGGCAGGTTATC-1,9,Myeloid
GCTCACTTCACATTCT-1,0,Tcell
ACTAGGTTCAGGGTTT-1,6,Tcell
CTCGCTAAGAAGAGTG-1,2,Tcell
GCGCCAAGTTGTGACT-1,0,Tcell
TTGCGGGCAGTCAGAG-1,6,Tcell
TAGCGGCCACATGATC-1,0,Tcell
TGATCAGAGCGAGCTA-1,6,Tcell
GCGCCAACAATTCAGC-1,2,Tcell
GCGGAAAGTTAGGAGC-1,0,Tcell
CACATGAGTGATCAGG-1,0,Tcell
TGGGTGCGTGCCCAGT-1,7,Tcell
GGTGTCGGTATTCACG-1,0,Tcell
TTACCGCGTACAACGG-1,2,Tcell
GTCACTCGTGCAACAG-1,0,Tcell
AGCCTCTGTCATAAGA-1,2,Tcell
TATCTGTCAGCGTGAA-1,3,NK
CTAGGGCTCAGATACC-1,0,Tcell
GCACGGTAGTTACACC-1,9,Myeloid
CTGAATGTCCGAGAGA-1,2,Tcell
TTCTGTATCTCTGTTA-1,3,NK
ATGTCGAGTATTGTCG-1,0,Tcell
AACGAGGAGACCCTAT-1,2,Tcell
TGGAAGGGTTTCACCC-1,0,Tcell
TAGACTGCACCACCAG-1,9,Myeloid
CAGGATTAGTACCTCA-1,5,Tcell
ACGTTAGTCCGTGCGA-1,9,Myeloid
CCTCCCTTCCAAGTCA-1,0,Tcell
GAACCTACACTGTAAC-1,0,Tcell
TTGACGATCGAACACT-1,9,Myeloid
AGATTCGGTTGCTTGA-1,0,Tcell
GTCACGGAGCATACCT-1,0,Tcell
TAGGAGGGTCTGGTTA-1,0,Tcell
CGGTGCACAAACCCTA-1,3,NK
CTTGAAGGTGCATCAT-1,2,Tcell
GCACCTTGTTTCGTTT-1,9,Myeloid
AGGCGAAGTCATAGAA-1,3,NK
TCTCAGCAGAAGCCTG-1,2,Tcell
ATCCTGCGTTGGCGAA-1,3,NK
TCAAGGTCATGCCCTT-1,5,Tcell
TGTTAGGAGGAATGGA-1,11,Tcell
CGTGGCAAGCAGAGCT-1,0,Tcell
TGCACCTGTATACGCT-1,2,Tcell
TAGTCCCTCTATTTCG-1,11,Tcell
GAGACTTCATGGGACA-1,9,Myeloid
GAACTTGCAGGGAGTT-1,2,Tcell
CAGCCTTCAGGCAGAT-1,9,Myeloid
GATCATGCACCTCGTT-1,3,NK
GCAACCGAGTTCCCGG-1,0,Tcell
TTGCACCTCGGCTATA-1,6,Tcell
ATTTGTCAGCCATGGA-1,8,Tcell
ATTGTGGGTACGTATC-1,8,Tcell
CCCTAACAGATCCGAG-1,2,Tcell
TAGGTGTTCCAGTACA-1,6,Tcell
TTTGTGTAGTTCAAGA-1,7,Tcell
TTGCGGGAGACAGCTG-1,0,Tcell
TGATTTCCAGGGTAAC-1,9,Myeloid
GCTGTTCCATCCCGGA-1,5,Tcell
AAAGGGCCATTACCTT-1,0,Tcell
ACATGCACAACGTCCG-1,8,Tcell
CAACCAAAGTAATGTG-1,0,Tcell
TGGACATCAAGCGTCC-1,0,Tcell
ACTATTCAGTCTTAGC-1,0,Tcell
GACCAATAGTCCCGCA-1,0,Tcell
TCGGGACTCGGATAGG-1,0,Tcell
TGTACAGGTTGAAGCG-1,6,Tcell
GGAACTTGTGGACTGA-1,6,Tcell
CAGTATGTCGGTCTAA-1,2,Tcell
GTCACCTTCCTGACCT-1,0,Tcell
CTCTCGATCTGTTTAC-1,0,Tcell
GTAGTACGTTGTGAGG-1,2,Tcell
ACTGCGGAGCAATAAC-1,0,Tcell
CAGCTGGCATGCACTA-1,0,Tcell
CTACTTAAGGAGTCTG-1,0,Tcell
AACAGTCAGGAAGAAC-1,0,Tcell
ATTGTGGGTTAACCAC-1,3,NK
CTCTCGACAATGATGA-1,3,NK
GACCAATCATTAAGGA-1,3,NK
GTCGTAAGTATTGTCG-1,0,Tcell
TAAGTGCAGCAACTGG-1,6,Tcell
TAATCGGTCCAGGTAT-1,10,Myeloid
CTACAGATCGATCGCG-1,0,Tcell
TGACTCCCAAAGCATA-1,0,Tcell
TCGATTTGTCACATTG-1,0,Tcell
CTTCTAACAAAGGAAG-1,2,Tcell
GCTGTTCAGTGGGACT-1,0,Tcell
GGACACCGTATCGCGC-1,8,Tcell
TAGGTGTTCATTCTTG-1,2,Tcell
TCTCAGCCAATCATCG-1,0,Tcell
CCCTGATTCCCAGCAG-1,2,Tcell
CCTCCCTAGCGATACG-1,6,Tcell
AACAAAGTCTCGCGGA-1,0,Tcell
ACTTCCGGTACGTAGG-1,3,NK
TTGAGCATCGGGACAA-1,8,Tcell
CTGTATTTCAGTTGAC-1,2,Tcell
GCTGTTCGTCTAACCA-1,0,Tcell
ATCGAGTCACGAACGA-1,2,Tcell
GCCATAAAGAACTAAC-1,9,Myeloid
ATCCTCGCACCCATCT-1,0,Tcell
AGATTCGAGGCCAGTA-1,3,NK
AAATGCCAGTTAGAGT-1,8,Tcell
TGCTTTATCTCGTAGA-1,0,Tcell
GGGAACAGTATCTGCA-1,2,Tcell
TCAAGCAAGTCCGTGC-1,9,Myeloid
GAGCATTGTGATTCCA-1,6,Tcell
TTTGGTTCACCTGGTG-1,7,Tcell
TGACTCCGTTCTTAGG-1,0,Tcell
ACTGCGGCAAAGAAGG-1,0,Tcell
GTCCATCCATTTGGTG-1,0,Tcell
CGAGTTAGTTTGCGAT-1,0,Tcell
ATCCTGCAGAACGTTA-1,0,Tcell
AGGCGAAAGGTGTTGG-1,6,Tcell
GGCGAAAGTATTGTGC-1,5,Tcell
TGCTTCGTCCCACGGA-1,3,NK
CGTACAATCCTTACGC-1,4,Bcell
GTTGGGCCATCCGTAA-1,10,Myeloid
CACTAAGAGGTGAACC-1,0,Tcell
CAGTGTAGTGTTTCTT-1,0,Tcell
GTACTTTTCTCGTAGA-1,0,Tcell
GAGATTCTCGCTTCAC-1,2,Tcell
TTGCGAACATCGGCTG-1,0,Tcell
TACAGCACACAGAAGC-1,0,Tcell
AGTTTGGTCGTCCCAT-1,0,Tcell
GTCACAAAGATGGCAC-1,4,Bcell
TAGCTTTCAAACGTTC-1,3,NK
CTACTTATCAGATACC-1,6,Tcell
GCACCTTGTTGGAGGT-1,0,Tcell
CTGCGTTTCTTGTCAT-1,0,Tcell
TGCGTAACAGAGATGC-1,0,Tcell
CACCACTCATTTAGGC-1,6,Tcell
GGAGTAGGTGAGGGTT-1,0,Tcell
CAAGGCCGTATGGATA-1,9,Myeloid
TGAGTCATCGGATAGG-1,5,Tcell
TACGCAAAGCAGAGCT-1,0,Tcell
ACGGATTGTTTGCGAT-1,2,Tcell
TTTACGTTCAGGATCT-1,2,Tcell
CATGCCTAGTGTGTAA-1,4,Bcell
CTCAACCCAAGGATGC-1,5,Tcell
CTCAGAAGTGTCTCGG-1,3,NK
TATGTTCCAAGTTGCT-1,6,Tcell
TAACGGTAGGATGCCA-1,0,Tcell
TTAACGGAGCTGAATA-1,1,Tcell
GGAGTAGTCTTACGGA-1,5,Tcell
GCGCATGTCGTTACAG-1,0,Tcell
CCGAAGCAGAGTTTGA-1,3,NK
TCGCCTACAGAGATGC-1,8,Tcell
TAACTTCCACGCCGAT-1,0,Tcell
ACTAGGTCAGATACAA-1,0,Tcell
ACTGTCCGTTGCTTGA-1,0,Tcell
CACATGATCTGCTACC-1,10,Myeloid
ACAAACCAGTGATTAG-1,0,Tcell
GGTACCGAGGATTAAC-1,9,Myeloid
TACTCGCCAATTGGCT-1,0,Tcell
TCACCTGTCAGCACGC-1,0,Tcell
TCAAGGTTCGATGTGT-1,0,Tcell
AGCCTCTCATCCATAG-1,9,Myeloid
CCACGTTCATTGCACA-1,5,Tcell
TGTGTCCAGCCCATTA-1,0,Tcell
CTACTTAGTGGACCAA-1,0,Tcell
AGCCCGACAACTAGAA-1,2,Tcell
CCATACCCAGCAAACG-1,9,Myeloid
GTTGGTACATCGACCG-1,8,Tcell
CAGCTGGAGTATACGA-1,5,Tcell
CCCTGATTCTGAGTAC-1,4,Bcell
CGCACAGTCCTTACGC-1,6,Tcell
GCCAGACGTAAGCCTT-1,0,Tcell
GGGCCATAGCAGTAGC-1,6,Tcell
CTCGCTAGTTCTGATG-1,4,Bcell
CGCTATCGTCAGGTGA-1,0,Tcell
GCAGCTGCAGAGTCGA-1,6,Tcell
ATGTCTTAGTACAGAT-1,4,Bcell
ACTACCCAGCGAGCTA-1,4,Bcell
TTGAGCACAATTCAGC-1,1,Tcell
AATGCCATCACACGTA-1,5,Tcell
GTTATGGTCCCGTAGG-1,9,Myeloid
AGCCTCTTCACATTCT-1,0,Tcell
GGGTCTGCATCGTACA-1,5,Tcell
TTCAACTTCAGTGTAC-1,9,Myeloid
GTGCCAGGTAATGTGA-1,2,Tcell
CAATCCCCAGAATGCG-1,8,Tcell
ACCATCCAGAGAGTAG-1,4,Bcell
AGGCGAAGTCAACTAC-1,6,Tcell
TACCCTGAGCGTCAAG-1,0,Tcell
TCAAAGCAGCGTAGCA-1,0,Tcell
AGGCGAAAGTGAAACT-1,0,Tcell
TTGCGAAGTGTCTACA-1,3,NK
GCAAAGGCATGGTAAA-1,8,Tcell
TGATGCAAGGTTGACG-1,9,Myeloid
AACATCGCACATAAAG-1,2,Tcell
ATCCCTGGTAGATGAT-1,3,NK
CTCTAGCCACAGGAAC-1,3,NK
GAGCATTCAGCAAACG-1,0,Tcell
ATTCGTTCAAAGGCCA-1,10,Myeloid
TGCATGAGTCAAATCC-1,0,Tcell
GAGCGCTGTCGTCGCA-1,0,Tcell
GAGGTCCCACAAACAA-1,0,Tcell
GGATAGGCAGCGTAGA-1,3,NK
CATTCATTCACGTCAA-1,3,NK
TCTCAGCCAAGACTAA-1,7,Tcell
GTGACATTCCCGAAGC-1,6,Tcell
TATCGAGGTTTGATCG-1,5,Tcell
CGGACTGCACTCGTGG-1,5,Tcell
GCCCAGATCCAGGGAA-1,5,Tcell
CAATCCCAGGAAACTT-1,9,Myeloid
TATTGCTTCCAATAGC-1,3,NK
CATTGGAAGTGTGTAA-1,2,Tcell
GCAGATTAGTTAGAGT-1,0,Tcell
GCGTTGGCACTGAAGG-1,6,Tcell
GTCCATCCAAAGGAAG-1,5,Tcell
CCACAGGTCTTGCGCT-1,0,Tcell
TTAGCGAAGAACGACC-1,0,Tcell
CCGTACTCATACAACC-1,0,Tcell
TCGCCTACAAGTCTGT-1,9,Myeloid
GTCGTAAAGCACACCC-1,4,Bcell
TTTGTGTCACTCGCAG-1,0,Tcell
CTTAATCTCCAAGAGG-1,0,Tcell
CCGTGAGTCGCACCTT-1,0,Tcell
TACAGCAGTAAGCCTT-1,5,Tcell
GCCTACTGTGCCCTAG-1,0,Tcell
AAAGGGCGTGCTGAAG-1,3,NK
GGTTGCGGTATCACAC-1,2,Tcell
CAAGCTACACAGTAGG-1,6,Tcell
TTAGCGACAATTGGCT-1,0,Tcell
TTACCGCGTACGGAGT-1,2,Tcell
TACGCCTCAAACGTTC-1,0,Tcell
GAGGATGAGTACAGTA-1,2,Tcell
ACAAGCTGTCGGCTGT-1,5,Tcell
TCGCAGGTCGTTCAGA-1,0,Tcell
TTACCCGAGCACGTAG-1,8,Tcell
TGCTTTAGTAACAATG-1,3,NK
GGTACCGGTACAAATG-1,8,Tcell
TCAGCTCAGTATACCC-1,5,Tcell
TTGCAGAAGTAGGTCG-1,0,Tcell
TGGGTGCTCCTGTAGA-1,0,Tcell
ACTGCGGCAGTTGCAT-1,4,Bcell
AGCTGATCACATTGCA-1,0,Tcell
AGGCGAACAGTATCTG-1,2,Tcell
AGCTGATAGGCAATTA-1,0,Tcell
TGATGCATCGATTACG-1,8,Tcell
GTCACGGTCGGAAAGC-1,6,Tcell
TCAATTCGTACCGGCT-1,3,NK
GAGGTCCAGAACGTCG-1,2,Tcell
ACAGACTGTTTGAAGA-1,0,Tcell
CATGTTTGTTTCCACC-1,4,Bcell
GCGCCAAGTCAGCTTA-1,7,Tcell
TTACGTTAGACTTCCA-1,0,Tcell
GCATTCCGTGCTGAAG-1,0,Tcell
GTTGGTACATGGTAAA-1,11,Tcell
TGTGGCGAGAAATGGG-1,4,Bcell
GCTTAAGCAGTAACTC-1,5,Tcell
CACAACAGTAGTGATA-1,9,Myeloid
TGTTAGGAGAAACGCC-1,2,Tcell
ACTGTCCTCGAGCGCT-1,2,Tcell
GTTACGAAGATTACGA-1,2,Tcell
CTACAGACAGCCACGT-1,0,Tcell
TGCTTCGGTTACCCAA-1,9,Myeloid
AGACAAATCGCGATGC-1,8,Tcell
TATGTGGGTTAACCAC-1,5,Tcell
CCTCCCTAGTACTCTG-1,2,Tcell
TAATTCCAGTTGCCGC-1,0,Tcell
AGCCTTCGTGTGTGCC-1,0,Tcell
TTTGAGGTCATGAACC-1,5,Tcell
AATGCCACATCAGCTA-1,9,Myeloid
TTGCGAACACCACGAC-1,3,NK
TTGGTCCTCCCACGGA-1,6,Tcell
GATTAGCAGCTAGCAG-1,2,Tcell
CAGCTAACAATAGTGA-1,0,Tcell
TTCGTTAGTCAGAAGC-1,4,Bcell
TTGCGAACAGAACGAC-1,2,Tcell
CCGTACTCACGCGCAT-1,9,Myeloid
CGAGTTAGTCACCCGA-1,2,Tcell
TAAACCGAGGCAGTGT-1,9,Myeloid
GAAGTCTGTCACAGGA-1,0,Tcell
GTTACTTTCACATCCC-1,0,Tcell
TTAGCTTAGTACAACA-1,0,Tcell
GACTAGTAGACGACTG-1,3,NK
TACGCAACAAGTTGCT-1,0,Tcell
CCGTACTGTGGCGCTT-1,10,Myeloid
ACATGGTTCTGGAAGG-1,7,Tcell
ATCCTGCGTTATCGAC-1,0,Tcell
CAAAGCTAGTTTGGAA-1,9,Myeloid
CGCAGGTAGTGATATG-1,4,Bcell
GGTTGCGGTGCAAAGC-1,8,Tcell
GGTGAAGTCCGAATTG-1,3,NK
CCCTGATAGCGCATTT-1,6,Tcell
CTTAATCCAGCACATT-1,0,Tcell
AACCTTTAGTAGGAAG-1,0,Tcell
AAACTGCGTGCACATT-1,4,Bcell
TGACTCCGTTCCCGGA-1,3,NK
ACAAACCCAAGTTCGT-1,6,Tcell
GCGCATGGTGCTGTGC-1,5,Tcell
GGGTTATAGGCACCTC-1,6,Tcell
CTCGCTACATTCACCC-1,0,Tcell
TGTGTCCGTACGGAGT-1,0,Tcell
GCTGCGAGTTTGATCG-1,3,NK
AACAGTCAGATCGAGC-1,0,Tcell
TAGCCGGCACAGGTAG-1,5,Tcell
CCCAGAGGTCTGGTCG-1,0,Tcell
CCTTGCATCCATACGA-1,10,Myeloid
CAGCTAACATTGCGAT-1,3,NK
TAGACTGGTAAACGAT-1,4,Bcell
TCAAGGTGTGCAAGAC-1,6,Tcell
TACCTCGGTGTACGCC-1,4,Bcell
TAGCCGGCAAAGGCCA-1,0,Tcell
ACTATTCGTGTTGTTG-1,0,Tcell
TACGCCTGTCTAACCA-1,5,Tcell
TGATTTCGTTAGAGAT-1,8,Tcell
GCACCTTGTCAAACAA-1,9,Myeloid
GAGTGAGGTTTGCCAA-1,9,Myeloid
TAGGAGGCAGGCAAGT-1,5,Tcell
AGCGTATTCAGGAATA-1,5,Tcell
TTGCGGGTCACGATTG-1,3,NK
GTAGGAGTCGTGGAAG-1,2,Tcell
GTTATTCCAAGGAAGA-1,9,Myeloid
ATATTCCTCGACTGGC-1,0,Tcell
ATTGTGGGTCTCAAAC-1,4,Bcell
CAAAGCTCAGTTCGGC-1,5,Tcell
TGGAAGGAGCTACGCC-1,0,Tcell
GGTGCTGAGATATGTG-1,0,Tcell
TACATGGGTAACATAG-1,7,Tcell
AGTCAACTCCCGTAGG-1,0,Tcell
GGTTGCGGTGGTAGAC-1,9,Myeloid
CGCAGGTTCCGGAAAG-1,6,Tcell
TAAACCGAGACCTATC-1,6,Tcell
TCAAGCACACAACGGA-1,4,Bcell
GAGCGCTAGACCAATA-1,5,Tcell
ATGTCTTGTACTAGAA-1,0,Tcell
TAGCATGTCTTAATCC-1,8,Tcell
TGCTCACAGTATGGGC-1,0,Tcell
TTTGAGGGTAGACGCA-1,7,Tcell
TGATCAGCATCCGTGG-1,0,Tcell
TTGCACCAGACCAATA-1,6,Tcell
CTCAGAAAGGTTCTCA-1,7,Tcell
ACGTTAGGTCAACTGT-1,11,Tcell
GTGATCAGTTTGATCG-1,3,NK
CATTCATGTAGCGAGT-1,0,Tcell
CTTGTCGGTTACACTG-1,0,Tcell
GCGAGAATCGGATAGG-1,0,Tcell
TTGCCCAGTTGGTAAA-1,9,Myeloid
TTAGCGAGTAATGCAA-1,3,NK
TCGCAGGTCGTCCCAT-1,5,Tcell
TCCAGAAGTTTCCTAT-1,0,Tcell
TAACAGCGTACTAGAA-1,5,Tcell
GTTCAAGTCCGATTGA-1,3,NK
TTTGTGTGTGTAGGAC-1,0,Tcell
CAGGATTAGTCGGGAT-1,0,Tcell
CCCTAGTGTGTGTGCC-1,0,Tcell
CGAGTTAAGACTTGAA-1,3,NK
CCTTAATAGACAGCTG-1,5,Tcell
GTGACATCAAAGAGAG-1,5,Tcell
GAACCTAGTTGGTAAA-1,0,Tcell
TACTGCCAGATCGAGC-1,0,Tcell
TCAAAGCGTATGTTCG-1,4,Bcell
CCGTGAGTCTCGCGGA-1,0,Tcell
ACTTTCACACATCATG-1,0,Tcell
TGTGACAAGCTGATTC-1,6,Tcell
ATGTCTTTCCAATAGC-1,5,Tcell
GCATGATGTCAGAAAT-1,2,Tcell
GTGTCCTTCGGTCTCT-1,0,Tcell
ACCGGGTAGAACGTTA-1,8,Tcell
TTCATCAAGGTGTCGA-1,10,Myeloid
ACTTCCGGTGCTGTGC-1,2,Tcell
CTGCTCATCGAGGCTC-1,4,Bcell
TTCGCGTAGTTCCAGT-1,9,Myeloid
GCAGATTGTAAGTCTC-1,5,Tcell
GGAGAACAGGTCGTTT-1,5,Tcell
AACATCGGTCAACTAC-1,0,Tcell
CTCAGCTGTGACAAGC-1,3,NK
TGGAAGGAGTTCCCGG-1,5,Tcell
CGTTCCAAGAATACTG-1,4,Bcell
TACGCCTAGGTACTCT-1,5,Tcell
GAAATGATCTGATCTT-1,6,Tcell
ACTTTCAAGTGTAATG-1,0,Tcell
CCACGTTCAACGGACA-1,5,Tcell
TGGGTTACAGACTAAA-1,2,Tcell
GCGGGTTTCAATGCAC-1,6,Tcell
ACCTGCTAGACGTCAG-1,0,Tcell
GAAATGAAGACCGCAA-1,5,Tcell
CCGTAGGGTTGGACGA-1,3,NK
GGAGGATTCCCAGCGA-1,6,Tcell
GTTACGATCTGTGTGA-1,3,NK
TACCTATAGTGAAACT-1,9,Myeloid
TCACAGAGTGTGTGCC-1,8,Tcell
GCGAGAAAGTACAGAT-1,0,Tcell
GGGTCTGCAACTACTG-1,6,Tcell
ATGGATCAGTGTCGGA-1,5,Tcell
AACTGTGAGGCGTAGT-1,0,Tcell
GTTGGTACAGGTAACG-1,0,Tcell
GAATCTGGTAATGCAA-1,6,Tcell
GCGTAGCCAGTAGTCT-1,0,Tcell
TCACCTGGTTTGGATC-1,9,Myeloid
TGACAACGTGCGCATC-1,2,Tcell
GATGGCCAGGCGTAGT-1,0,Tcell
GCCCAGAGTGTGCGTC-1,3,NK
CGCTAGGGTGGACGAT-1,8,Tcell
CTAGCGGCAACTCCCT-1,0,Tcell
GAACGTTGTACCCATA-1,0,Tcell
GGTGTCGCACCTGAAT-1,6,Tcell
GGTGCTGTCAATTGGC-1,0,Tcell
TAGCGGCAGTCCAGAG-1,7,Tcell
GAGCGCTCATGCGCTG-1,2,Tcell
ATTACCTTCAGGTTTG-1,0,Tcell
AGCGTATTCCGGAAAG-1,10,Myeloid
ATAGGCTAGTTCAAGA-1,2,Tcell
GAACCGCTCTGGCCAG-1,3,NK
GTTGGGCTCGCACCTT-1,0,Tcell
TACCTCGAGGGTCTGA-1,0,Tcell
TCAAGACCATTCACCC-1,8,Tcell
TTACGGATCCCACTAC-1,0,Tcell
GTGGATTCACATTGCA-1,9,Myeloid
GCCATAACACGATATC-1,6,Tcell
TTACTCAAGTACGACG-1,8,Tcell
CGAGTTAAGCATGTGG-1,4,Bcell
GAGTGAGAGGATGTAT-1,3,NK
TTGAGCATCGCCAGAC-1,2,Tcell
ATGTACGTCTGTCGGG-1,10,Myeloid
CTGCTCAGTAAACGTA-1,8,Tcell
CAACGTAGTTCTCGAA-1,11,Tcell
TAGGTCACACTCGGAC-1,8,Tcell
TGCATGAGTACTTCGA-1,0,Tcell
TTGCTTAAGCATTGGG-1,5,Tcell
ATGCATGTCCACGAGC-1,0,Tcell
CCATACCAGCACGTAG-1,0,Tcell
CAAGAAATCCATCGAA-1,3,NK
AGGACGAGTCAAATCC-1,2,Tcell
CTCAGAACATTTGGCA-1,9,Myeloid
AATGTCGCATAGCCAT-1,0,Tcell
ATTTGTCGTGATAACA-1,0,Tcell
TGCTATTGTAGACACG-1,5,Tcell
AGCTATGCAATGATGA-1,0,Tcell
GGTCATACACCACGAC-1,0,Tcell
CGCAATAAGGCACCTC-1,9,Myeloid
CAACCAACAGCTTACA-1,2,Tcell
TGCATTTCACTCAGCG-1,9,Myeloid
GTCACAATCCGAATTG-1,0,Tcell
GGGTTATGTTTCTACT-1,6,Tcell
CCCTAGTAGAATGCTA-1,3,NK
TAATCGGTCGGATGTT-1,0,Tcell
ACTCGGGTCAATGCAC-1,4,Bcell
ATTACTCGTCCAAGTT-1,4,Bcell
ACATGCACATAGACGG-1,0,Tcell
CCTGCTATCAATGCAC-1,0,Tcell
ACTACGAAGAGCAGCT-1,0,Tcell
AAATGAGGTGTTAGAA-1,0,Tcell
AGTTACGCACAAACGG-1,6,Tcell
AGCTATGAGGCGACTA-1,0,Tcell
TAGGAGGTCACTAGGT-1,2,Tcell
AAAGATGGTATCCTTT-1,0,Tcell
CGCAATAGTAGGTAAT-1,0,Tcell
ACTGCGGGTGATGTGG-1,8,Tcell
CACTGAATCCATCGAA-1,3,NK
CCGCATTAGAGGAACA-1,0,Tcell
TAACTTCCAGCTGATT-1,5,Tcell
ACGTGGCTCCGCCTAT-1,0,Tcell
CTCAACCTCGCGCCAA-1,0,Tcell
TTACTTGCACTGCTTC-1,5,Tcell
CACAGATAGGTTGTTC-1,0,Tcell
CGAGTTACAGCAAACG-1,2,Tcell
AAAGGGCAGATTACGA-1,2,Tcell
GAGTGAGGTAATGCCT-1,0,Tcell
CTCGCTAGTAGGTGAC-1,0,Tcell
AGGCGAATCTAAGGTC-1,8,Tcell
CAACCAATCTGCGTCT-1,8,Tcell
AGTGTACAGGCTGGAT-1,3,NK
TGCTTCGTCTTTATCG-1,10,Myeloid
TTGTTGTGTCATAAGA-1,8,Tcell
GATTGACAGTCTGGGA-1,0,Tcell
GCGCATGCACTCCTCA-1,0,Tcell
TTCTAACAGCACGTAG-1,10,Myeloid
AACCAACCATTATGGC-1,8,Tcell
GGAACCCAGCTACGCC-1,0,Tcell
TATGTTCCACAAGGGT-1,10,Myeloid
AGTGTACTCTCCTTAA-1,6,Tcell
CAAGGCCAGGAAGACA-1,0,Tcell
GAACTTGTCCGGAAAG-1,6,Tcell
AGGCCCAAGAGGCCTA-1,5,Tcell
GTGTCAAGTGCACTTA-1,0,Tcell
TTAGCGAGTCTGCGCA-1,2,Tcell
AAAGGATAGGCTGGAT-1,5,Tcell
TTCATTGAGCAGGAGG-1,9,Myeloid
TTTGAGGTCCCAGTAA-1,4,Bcell
CTTGAAGGTACCAAGG-1,0,Tcell
TTCATTGTCTGGACAT-1,6,Tcell
CCGAAGCCAGAATGCG-1,2,Tcell
GAAGAGCAGTTCAAGA-1,3,NK
CTCAGAACAATTGGCT-1,3,NK
GTCACTCCACAACGGA-1,0,Tcell
CACTAAGAGTACAGAT-1,0,Tcell
TATTGCTAGTCTGGGA-1,5,Tcell
CTGGGACGTGTTGGTT-1,10,Myeloid
TTGACGATCCAACCTC-1,0,Tcell
GCGGTGTCAGATGGCA-1,0,Tcell
GAACCTAAGTTGACAA-1,6,Tcell
TTGAGTGGTATCTAGC-1,8,Tcell
GAGGATGGTGCGTTTA-1,3,NK
AGCCTGGCATTAACGC-1,2,Tcell
TAGCTTTGTATCATGC-1,8,Tcell
CTTGAAGCAATAGCGG-1,3,NK
ACAGGCCTCCTATCAT-1,0,Tcell
CCTAAAGCAGGACCTC-1,0,Tcell
CGCGCAAGTGTCTACA-1,5,Tcell
CCCTGATCAATTGGCT-1,5,Tcell
GCGTAGCTCGTCTTAT-1,5,Tcell
ATTTGTCAGGAATGGA-1,0,Tcell
ACAGAAATCACTCGGG-1,4,Bcell
TTATGTCAGACTTCCA-1,2,Tcell
AGCCGCATCGTCTTAT-1,4,Bcell
AGCGTGCCACAGAAGC-1,7,Tcell
ATTACTCTCCGGCTGA-1,2,Tcell
CCTGGGAGTCGTAATC-1,8,Tcell
CTTAATCCAAATGCTC-1,4,Bcell
AGTGTACGTCCAACCG-1,6,Tcell
GCGATTACATGGGAAC-1,0,Tcell
CCTGCTAGTCACAGTT-1,5,Tcell
TACCTCGTCGTCCCTA-1,4,Bcell
TGACTCCGTGTACGCC-1,0,Tcell
GAACCGCGTTTGAAGA-1,5,Tcell
AACCTGAGTTTCCTAT-1,9,Myeloid
CTCTCGACAGCGTAGA-1,0,Tcell
TCACCACCATTTGGCA-1,0,Tcell
GCGTAGCCAGGGTAAC-1,0,Tcell
CTGTTCGTCTATCTCA-1,6,Tcell
TAGCATGGTTCCCTTG-1,4,Bcell
CAATCCCTCTACCCGT-1,0,Tcell
TCAAGGTCATAAAGTG-1,1,Tcell
TACTCGCCAACTTGGT-1,0,Tcell
TGAGCCGCACACGGTC-1,5,Tcell
ATTGTCTCATCAACTG-1,0,Tcell
CTGCTCAAGCGTGTTT-1,0,Tcell
CACTAAGGTGTTAGAA-1,4,Bcell
GAAATGATCGTGCTGG-1,8,Tcell
AGCCTTCTCTTTGCAT-1,3,NK
TGCTTCGAGAATACTG-1,4,Bcell
CAGGGCTGTATGTTCG-1,8,Tcell
GAGCATTGTGCCGGTT-1,4,Bcell
AGTCCGGCACAACGGA-1,8,Tcell
GTGATCATCTTCCACG-1,0,Tcell
TAGCACAAGAACGACC-1,0,Tcell
TACTAGGAGACTAGCG-1,0,Tcell
CCACGTTTCCGGGCAT-1,0,Tcell
AACCAACGTCATGAGG-1,9,Myeloid
GGGCCATAGCGGACTA-1,0,Tcell
TCAGGTAAGTCCTTCC-1,3,NK
GACCTTCGTTTAAGGA-1,6,Tcell
CAGTATGTCCTGGAAT-1,3,NK
TGTGTCCTCGATAGCT-1,6,Tcell
GAGTGAGAGAAAGCAG-1,10,Myeloid
AGTTACGCACATCATG-1,0,Tcell
TGATGCATCTGCCGAG-1,0,Tcell
GCACGCAAGCATGATA-1,0,Tcell
AATGGCTCATCGAGTT-1,0,Tcell
GCTCCTACATCGGCTG-1,0,Tcell
AGTCAACCAGTAGGCA-1,2,Tcell
GGAACCCTCGGATAGG-1,2,Tcell
CAGGATTAGTTGACAA-1,2,Tcell
ACTAGGTTCGTCAACA-1,0,Tcell
GTGTCAACACTGCTCT-1,4,Bcell
AGCGATTCATAGATAG-1,2,Tcell
CCTAAAGTCCAACAAC-1,0,Tcell
GAACCTAGTGTTGGTT-1,4,Bcell
TTTACGTGTAGGGTTG-1,6,Tcell
CGGACTGTCTACATCT-1,6,Tcell
GCACGCACAATGGCAG-1,2,Tcell
GAACCTAGTCAGTGTT-1,0,Tcell
TAAGCCAGTCAATCCA-1,0,Tcell
GGCACGTTCATCATGG-1,0,Tcell
TTGCGAAGTGGAAAGA-1,3,NK
GAAAGTACAGGCAGAT-1,7,Tcell
TACGCAACATGCTATG-1,2,Tcell
GGCATTACAGCGTACC-1,3,NK
TTCATCAAGTAGGTCG-1,0,Tcell
CCTGCTAAGCGCAATG-1,9,Myeloid
CAGGGCTTCTCGGCGA-1,9,Myeloid
TCACAGAAGTTTACGC-1,3,NK
TTGTTCATCTTATCAC-1,4,Bcell
TGCTTCGTCACTGGTA-1,2,Tcell
TTGCGAAAGACGAAAG-1,5,Tcell
GGCGAAAAGTCCGGAA-1,10,Myeloid
TGCTATTTCTACATCT-1,0,Tcell
TTGGTCCCAAGGAAGA-1,5,Tcell
CGTACAACATTGCGAT-1,6,Tcell
AATGTCGTCCACGAGC-1,8,Tcell
CCGTACTTCTGCCGAG-1,0,Tcell
TTGTCTAGTCCGTCGA-1,2,Tcell
CTCCCAAGTAGCAGCA-1,5,Tcell
CATGTTTAGCGGACTA-1,0,Tcell
CTCTCAGTCGCTGATA-1,0,Tcell
CACTGAAGTCTCGGGT-1,5,Tcell
TATCGAGAGTATGCTC-1,0,Tcell
CTCATGCTCCAGAATC-1,0,Tcell
AGATTCGGTGTCTCGG-1,11,Tcell
ATTACTCTCCTGACCT-1,8,Tcell
CACTGAACAAGAGCGT-1,4,Bcell
CTTGAAGTCCCAGCGA-1,0,Tcell
CACAGATCAAGCCTTA-1,5,Tcell
TAGCGGCGTCCAAGTT-1,2,Tcell
TGATTTCCAGCAACGA-1,0,Tcell
TCAAAGCAGACAGCTG-1,3,NK
TCCGACTTCTCTTCTC-1,2,Tcell
AACTGGTAGATTGACA-1,3,NK
GCTGAGCCACAGATGG-1,8,Tcell
TACTGCCTCGCCTTAC-1,0,Tcell
ACATGGTGTGCTGGCT-1,9,Myeloid
GCGAGAAGTTCGGGAA-1,3,NK
TTCTAACCAGAGAGAA-1,5,Tcell
TCTCAGCCATAGTCCA-1,2,Tcell
GCAGCCAGTCACTCTC-1,8,Tcell
AAACGAATCTGTAGAC-1,0,Tcell
TCGCAGGCATCGTACA-1,0,Tcell
CCGAAGCTCCGGACTG-1,5,Tcell
AACAGTCTCTCCTTAA-1,3,NK
ACTGTCCCATCCGTAA-1,4,Bcell
CGCTATCGTCTGTTGA-1,6,Tcell
CGTAAACTCCGTGCGA-1,0,Tcell
AGCCAGCCAAGGAAGA-1,5,Tcell
AACATCGTCGCCAGAC-1,0,Tcell
AGTCAACTCGGAGTTT-1,7,Tcell
CGGTGCAGTATGGTTC-1,0,Tcell
GAGCATTGTCCCGAGT-1,5,Tcell
GGTGTCGTCAGGTTTG-1,3,NK
CGGACCATCACTGGTA-1,0,Tcell
GGGAACAGTGTCCCAG-1,1,Tcell
TAAGCCAAGGTCTTGT-1,3,NK
CTTCTAAGTGATGCTT-1,0,Tcell
GTGACATTCGGTACTA-1,0,Tcell
GTCACCTAGCATACCT-1,3,NK
GTGCACGTCTTCCAGC-1,0,Tcell
TAGCGGCCAAGACACG-1,0,Tcell
GCTCACTAGGCAGTAC-1,5,Tcell
AGCCTTCCATCAGAAA-1,5,Tcell
CATAACGAGTAGGAAG-1,0,Tcell
AACAGTCTCATAGGTC-1,0,Tcell
AGCCTGGGTCCAACCG-1,0,Tcell
TTTGGTTTCACGATTG-1,0,Tcell
TTCGTTATCAACGTGT-1,5,Tcell
GTGTCAAGTCATAGCT-1,0,Tcell
TTGCTTACACCGAATT-1,0,Tcell
AGCCGCAGTGTCTCGG-1,11,Tcell
AGGCGTCAGTGCTAGG-1,0,Tcell
AGCTGGCCAGCACATT-1,2,Tcell
TTGCACCAGTACCACT-1,5,Tcell
TCGTTCGAGCCTCGCA-1,0,Tcell
TAGTCCCTCGGTGATT-1,3,NK
GAAGAGCTCCACGGCA-1,7,Tcell
ACAAACCTCTCTATTG-1,8,Tcell
TCAGGGCTCGGCTATA-1,0,Tcell
ACCGCAGCAAAGAAGG-1,0,Tcell
AGGCCTGTCGAGAACG-1,5,Tcell
GTACTTTTCTGACATG-1,11,Tcell
GTGCCAGGTAAACGTA-1,0,Tcell
TTGCACCGTCGACTGC-1,6,Tcell
AGCCAGCAGAATCAGT-1,0,Tcell
AGCCGCACAGATTAAG-1,5,Tcell
TCGATTTTCAAAGTAG-1,8,Tcell
CTGTATTAGGTAAGTT-1,0,Tcell
GATCATGCACCGAATT-1,5,Tcell
ACTTTCAAGTGTCGGA-1,0,Tcell
TATCTGTTCCGGAAAG-1,4,Bcell
AGCCTCTCAATGACTC-1,0,Tcell
TGGCAATAGCAGAATT-1,10,Myeloid
CCAATGACAAGACTTC-1,0,Tcell
TAACTTCGTTCCCTTG-1,8,Tcell
ACTAGGTAGTGTAATG-1,0,Tcell
GGTGAAGTCACTCGTC-1,6,Tcell
GTCTACCCAGCAATGG-1,10,Myeloid
GCCAGACGTATGTCCA-1,8,Tcell
TGTAAGCTCCGTCAAA-1,0,Tcell
TCGTTCGTCGGATAAA-1,0,Tcell
TAGTCCCCAGCAAACG-1,4,Bcell
AACAAAGAGAGAGTTT-1,0,Tcell
TGCTATTAGCCATTCA-1,9,Myeloid
AACTGGTAGGTTAGTA-1,0,Tcell
ATGTCGATCGTTGTAG-1,5,Tcell
TCAGTTTAGTTAGCAA-1,0,Tcell
AGACAAAGTAGATTAG-1,10,Myeloid
TTCGTTAGTTATCGAC-1,10,Myeloid
CAAGCTACAACGGACA-1,4,Bcell
AGCCTGGAGTACTCTG-1,0,Tcell
TTACGTTGTCATAAGA-1,9,Myeloid
GATGGCCCACCGTCTT-1,10,Myeloid
ACTCGGGAGTATACCC-1,2,Tcell
GCTGAGCAGGCGCTTC-1,5,Tcell
ATCGAGTTCGGTCTCT-1,0,Tcell
GTCACTCCACGTGAAG-1,8,Tcell
TTAGGTGTCTACTGCC-1,0,Tcell
TGAATCGTCAGTGGTT-1,0,Tcell
TGACAACAGTCGCCTG-1,0,Tcell
GGCGTTGGTCAGGTGA-1,4,Bcell
AACTTGGGTTACTTTC-1,4,Bcell
CAACGGCGTGCTGAAG-1,5,Tcell
CAAGAAAGTGGTTCTA-1,3,NK
GCTCAGGAGTTCGTTG-1,2,Tcell
TACCTCGCACATAAAG-1,9,Myeloid
CCAATGAAGGCGCTTC-1,6,Tcell
TTGCTTAAGGTTACAA-1,10,Myeloid
GCGCCAAGTGAATCGG-1,0,Tcell
TCAAGGTCAGTCCTGG-1,0,Tcell
GCGTTGGCATGGGTGA-1,8,Tcell
TACCTATCATTAGCAC-1,8,Tcell
TGTAGCACATATTGGC-1,9,Myeloid
TGTACAGAGCGTTGCC-1,0,Tcell
GTGCTGGCACTGTTAG-1,5,Tcell
GCGATTATCGCTATAG-1,5,Tcell
ACTTCCGAGTACCCAT-1,4,Bcell
GATTAGCTCTATCTTG-1,0,Tcell
GCAGCTGAGGTCTTTG-1,0,Tcell
ACCCAAATCGATTACG-1,4,Bcell
CTCGCTACACATAAAG-1,3,NK
ATTGTGGTCTGCGTCT-1,0,Tcell
TCGATTTCATAGTCCA-1,9,Myeloid
GTGCACGCACTCGGAC-1,0,Tcell
TTATGTCTCTTGTACT-1,6,Tcell
GATGATCTCCCGATTC-1,4,Bcell
CGTTCCATCGGCATAT-1,5,Tcell
CGCAGGTGTGATGTGG-1,9,Myeloid
TGATCAGCAACGTACT-1,3,NK
TTGGTCCAGGTACATA-1,5,Tcell
TTTACGTTCCATCGAA-1,9,Myeloid
CCGTACTGTACGAGAC-1,5,Tcell
GTGCCAGTCTGTAGAC-1,3,NK
AACAGTCAGAGGTACC-1,0,Tcell
GTCCATCGTATCTGCA-1,5,Tcell
CACATGAAGCAGGAGG-1,0,Tcell
GTGTCCTAGACTTCCA-1,5,Tcell
GCTGTTCTCTCTGAGA-1,0,Tcell
TGTGTCCAGCATGATA-1,8,Tcell
CGCAATACACTCCCAT-1,2,Tcell
AACCAACGTATGGGTG-1,6,Tcell
GGAGAACGTGTCCAGC-1,8,Tcell
CCAGATATCACCCTTG-1,6,Tcell
TAACGGTGTTACCCAA-1,0,Tcell
GGCGTTGTCCGAATTG-1,3,NK
TAGGTGTAGTAGTCGG-1,0,Tcell
GTTCAAGTCCCGATTC-1,3,NK
ACTACCCAGGATTAAC-1,5,Tcell
GCGATTAGTTTGGATC-1,0,Tcell
TGAGTCAAGTATCTGC-1,0,Tcell
TCCAGAAAGAGTTCGG-1,3,NK
TTGCAGATCGTCAACA-1,5,Tcell
AACAAAGGTATGGTTC-1,0,Tcell
GGAGGATCATTGATGC-1,9,Myeloid
AACGAGGCATTCACGA-1,0,Tcell
ACAGACTAGGGTCCCT-1,6,Tcell
GAGACTTAGCGCATTT-1,9,Myeloid
AAACGAATCAGTAGTC-1,0,Tcell
TATCGAGTCTGTTTAC-1,0,Tcell
GGCGAAAGTTATCGAC-1,3,NK
GTTATTCCAATGGTCT-1,9,Myeloid
CGCTATCCATATTGGC-1,0,Tcell
TAGTCCCTCACAACAC-1,5,Tcell
CGAGTTATCCATTGTT-1,9,Myeloid
CGGACTGGTACTTGAC-1,9,Myeloid
GGGACCTAGGCAGTAC-1,0,Tcell
AGATTCGAGCCATTCA-1,0,Tcell
AGCCCGATCGGGACAA-1,4,Bcell
CTCAGCTAGTCGTATC-1,0,Tcell
ATCCCTGAGTGATAAC-1,0,Tcell
GGAACTTAGCGATACG-1,6,Tcell
GCTGAGCAGTACCACT-1,8,Tcell
AGGACGATCTCGTAGA-1,0,Tcell
CCTTGGTAGAACGACC-1,5,Tcell
GGATAGGCACTTTGGA-1,4,Bcell
AACAGTCCACCTGTGG-1,11,Tcell
AACTGTGTCGAGCGCT-1,8,Tcell
GCGGAAAAGGTCCTCG-1,4,Bcell
ATGTACGGTTTCCACC-1,3,NK
GGGTGTCTCCGTTTCG-1,2,Tcell
TGACAACGTCAAGACG-1,0,Tcell
CCTATTAGTACGAGAC-1,0,Tcell
GCTTGCTCACTCCCAT-1,0,Tcell
TATGTTCCATCGGCTG-1,3,NK
AGTCAACCAAAGCTTC-1,2,Tcell
CACGTTCAGCTATCGT-1,6,Tcell
GCGATCGAGCAATGTA-1,10,Myeloid
ATTCGTTAGAGCCACA-1,5,Tcell
TTAGCTTCATCGGCTG-1,0,Tcell
CTCTACGCAGCACATT-1,3,NK
CCCAGAGCAAATGTCC-1,5,Tcell
CTGCGTTTCGGAAAGC-1,8,Tcell
ACCATCCTCTCTCAAT-1,6,Tcell
CTGCTCAAGAGCCTGA-1,5,Tcell
ACCTGCTGTCACAGGA-1,0,Tcell
AGTGCGCAGGAGTCTG-1,4,Bcell
CAAGGCCAGAGCTACG-1,9,Myeloid
ATATTCCAGCGGACAT-1,0,Tcell
GAAATGACAAGATGCG-1,3,NK
GACCAATTCGGTCTAA-1,6,Tcell
CCCGTTAGTGGATTTC-1,0,Tcell
TGCCTGTAGCGTCAAG-1,5,Tcell
TGCTTCGTCTATGAGC-1,6,Tcell
GAAACAAAGATCGCCC-1,0,Tcell
TGCTTTAAGAGAACCC-1,7,Tcell
TGTGGCGTCTATTTCG-1,7,Tcell
GGCATTATCGACCCGA-1,3,NK
TTGTCTAAGAAGCCGT-1,2,Tcell
GACTAACAGACTTCCA-1,4,Bcell
CGGACCAGTCATTGCA-1,0,Tcell
CAATCCCCAAGCCTTA-1,0,Tcell
GTAGACTAGCTTCAAC-1,0,Tcell
TTGCGGGCAGTGCGAA-1,9,Myeloid
CCGTACTAGTGTCGGA-1,2,Tcell
AATGTCGGTTTGATCG-1,0,Tcell
AAGGAGCCACAGGTAG-1,2,Tcell
ATCCAGAGTCAGTGCC-1,8,Tcell
GACCCAGTCAAGAGGC-1,0,Tcell
AGCCTCTTCGCAAACT-1,0,Tcell
AGTCAACGTATGGGTG-1,0,Tcell
TTGCTATCAAACTACC-1,9,Myeloid
TTGCCCAAGTTCCAGT-1,5,Tcell
CCCAGAGTCGCTATTT-1,6,Tcell
CCACAGGCACGAACGA-1,0,Tcell
TGAGTCATCGCTTGAA-1,6,Tcell
CTAGGGCAGGGAGTTC-1,4,Bcell
TTTACGTGTGCTGTCG-1,4,Bcell
TGATGCAAGTCAACTC-1,0,Tcell
ATCGAGTAGGAAGGTA-1,2,Tcell
TGTTAGGGTTGGAGGT-1,0,Tcell
CTCAACCGTAGCGAGT-1,0,Tcell
TGCTCACCAGTAGTTC-1,0,Tcell
TCGCCTATCGCGGCAT-1,8,Tcell
CCTGGGAGTGGCCTCA-1,0,Tcell
GCCCAGACAACACGGA-1,7,Tcell
AACGGGATCGCGTGAC-1,0,Tcell
AGCTGGCCACCCTTTG-1,6,Tcell
CCAGAATGTGGCGCTT-1,0,Tcell
TACTGCCCACAGGAAC-1,6,Tcell
GCGATCGCATTAAGGA-1,4,Bcell
TGAGTCAGTACAAGCG-1,0,Tcell
GACTAACAGCGCACAA-1,0,Tcell
TCGTTCGAGCTACGCC-1,5,Tcell
AGGACGATCAGGTCTA-1,0,Tcell
CGCTGGACATAGAATG-1,5,Tcell
TGCTTCGTCCTCAAGA-1,0,Tcell
CAACGGCGTGAGTAAT-1,3,NK
ACCGGGTCAATGCCAT-1,4,Bcell
GCACGCACAGCAAACG-1,4,Bcell
AATGGCTAGACGTCAG-1,0,Tcell
AGCCCGACATCCTCGT-1,5,Tcell
TAGCACACAGATGGCA-1,5,Tcell
GTCACGGCAATGATGA-1,4,Bcell
GCACGGTCAGTATACC-1,8,Tcell
ATAGTCGGTCAACTAC-1,10,Myeloid
AGTCAACCACTCGTGG-1,5,Tcell
GCAGCCAGTAAGTGCG-1,3,NK
CGGACCATCCAGGTAT-1,2,Tcell
AGATTCGCACCGATCG-1,6,Tcell
AATGGAAAGATGTTGA-1,0,Tcell
GTGGATTCAGAGATGC-1,0,Tcell
GCAACCGGTAACCGAG-1,5,Tcell
AAGGTTCAGGAAGGTA-1,0,Tcell
CAAGGCCCAGCCGAAA-1,3,NK
CAAAGCTGTAGGTGAC-1,6,Tcell
TCACCTGCAGGGTAAC-1,3,NK
GTCACAAGTGCCAAGA-1,0,Tcell
GAGTGAGCAAGTGGCA-1,6,Tcell
GGTGAAGAGTGAGTGC-1,0,Tcell
TATCGAGAGGTAGGAA-1,3,NK
TCGCAGGTCAAGAGAT-1,8,Tcell
CTTGAAGAGGAAGACA-1,0,Tcell
GAGAACGCAGTAGTTC-1,0,Tcell
GAGTGAGTCTAGCAGT-1,0,Tcell
AGTCCGGCATGCCTTC-1,0,Tcell
TACCTATTCCAAGAGG-1,0,Tcell
GGATGAGCATTAGCAC-1,3,NK
TCAAGACAGTTCAGGG-1,5,Tcell
TTGACGACAAGTCTCA-1,0,Tcell
TCAGTCCCAATTGCCA-1,2,Tcell
GAAAGTATCCGCTATC-1,8,Tcell
TATCGAGAGGAGTCTG-1,6,Tcell
GAGGTCCCAGCGCGTT-1,3,NK
AGCGTGCCAGAGTCGA-1,0,Tcell
ATTGTGGAGTCTGTGT-1,6,Tcell
CTCAGCTAGCGATACG-1,0,Tcell
TCAAAGCCAGTTAAAG-1,0,Tcell
AATACGCTCAGGCGCT-1,8,Tcell
ACAATCGGTGAGAGTC-1,0,Tcell
TGCTATTAGTCGAAAT-1,0,Tcell
TAACGGTTCTCGACCT-1,8,Tcell
GGTCATAGTGGTAGAC-1,8,Tcell
TACCTCGGTCTGGTCG-1,4,Bcell
AGGCCTGCAAGACTTC-1,4,Bcell
GCATGATGTCAGAGTG-1,2,Tcell
GGAACCCTCCCTACCA-1,2,Tcell
TAGCTTTAGGGTTCCC-1,0,Tcell
GCGCATGTCAATTCCT-1,4,Bcell
TCCGACTAGACACAAT-1,5,Tcell
GCCCGAATCGGAGTTT-1,6,Tcell
GAGTGAGCAGCGTACC-1,5,Tcell
CGCAGGTAGTTGCTTG-1,0,Tcell
TTTGGCCAGGCAGTGT-1,0,Tcell
CGGACCACACTGCTCT-1,0,Tcell
CTTCTAAAGATACCAA-1,0,Tcell
TTACGTTGTAACTGAA-1,3,NK
CATAACGCATCCCTCA-1,4,Bcell
TTCTGTAGTTACACTG-1,0,Tcell
CGCGCAAGTAGCAGCA-1,7,Tcell
GCGATTACACTAGGAG-1,6,Tcell
GGGTGTCGTGCGCTCA-1,3,NK
TACCTATGTGGAAAGA-1,3,NK
TCAAGACCACACTAGT-1,0,Tcell
TCGATTTGTGAATACA-1,8,Tcell
CATGTTTTCGGTCCGA-1,5,Tcell
GACCTTCCAGCAACCC-1,0,Tcell
GTTACTTGTTGAAGCG-1,6,Tcell
GTTATTCCACTTTGGA-1,0,Tcell
TGGTCCTTCACTGGTA-1,0,Tcell
GGTCATATCTGGACAT-1,5,Tcell
GAAACAAAGGGTAATT-1,6,Tcell
TATTGCTTCTAAACGC-1,3,NK
TGACAACGTAGTCCAT-1,0,Tcell
TTAGGTGCAGCCACGT-1,0,Tcell
CAACGTACACAGGTAG-1,9,Myeloid
TCAGGTAGTGAATCGG-1,3,NK
CGAGTTACACACTAGT-1,0,Tcell
GCCAGACTCCTCATTA-1,0,Tcell
GTCACAAAGTTGAATG-1,0,Tcell
GTTGGGCAGTCTAGAA-1,2,Tcell
ACCGGGTAGGCAAGGG-1,6,Tcell
GTTACTTAGCAGGACT-1,0,Tcell
CCATACCCATAGGCGA-1,3,NK
CTCATGCAGTTGCCGC-1,4,Bcell
TGCACCTGTTTGCCAA-1,7,Tcell
ACAAACCGTAACCATC-1,0,Tcell
GGAATCTTCGCTACCT-1,4,Bcell
GGCATTAAGATGTTGA-1,5,Tcell
AATGGCTCAGTATCTG-1,2,Tcell
GATGGCCAGCAATAAC-1,6,Tcell
TCCCACACAAGCGTCC-1,3,NK
ACTTTCATCACAACAC-1,6,Tcell
GAAATGAAGTGATCTC-1,9,Myeloid
GGGCCATCATCCTGGG-1,4,Bcell
GCGATTAAGCCTGTAT-1,0,Tcell
AGCGTGCCACATTGCA-1,3,NK
TTGTTGTCAATGTAAG-1,8,Tcell
GTTCAAGAGTGAGCTG-1,0,Tcell
TAAGCCACAGGCTACC-1,0,Tcell
TCAAGACGTCCCTAAA-1,6,Tcell
GTGCACGCAGCGTAGA-1,7,Tcell
TTCGTTAAGATGTTCC-1,0,Tcell
TCGCAGGAGTAGACCG-1,9,Myeloid
CGTGGCACACTTACAG-1,5,Tcell
CCGCATTGTGTTGGTT-1,0,Tcell
TTGCTTAGTAGAGAGA-1,6,Tcell
TCACCTGGTGTTAGAA-1,4,Bcell
CAGTGCGAGTTGACAA-1,5,Tcell
CATTGGAGTATACGCT-1,0,Tcell
AACTTGGTCTCCCTTT-1,0,Tcell
GAACGTTCAAGGCGTA-1,2,Tcell
TTGTTCAAGCCGCAAA-1,0,Tcell
TGTGGCGGTCTGCGCA-1,3,NK
AGCCGCAGTCCGAGCT-1,2,Tcell
TGCTATTCACAATAAG-1,0,Tcell
GGATGAGGTGCTGAAG-1,6,Tcell
ATTCGTTTCTGCTACC-1,0,Tcell
ATAGTCGCAGGAGCAT-1,4,Bcell
ACTACGATCGATAGCT-1,0,Tcell
GGAACTTAGAACTAAC-1,0,Tcell
CGGTGCAAGTATAGTG-1,8,Tcell
CGGACCAAGAGGCGGA-1,0,Tcell
TTTACGTGTTCCATCC-1,6,Tcell
ACGTTAGCAAACCGAG-1,2,Tcell
ATGGATCAGGAAGGTA-1,6,Tcell
CAGTGCGCAAAGCTGG-1,7,Tcell
GAGCGCTAGTATAGTG-1,0,Tcell
GACTAGTGTTCAGTAC-1,0,Tcell
TATGTGGCAAGTCCTA-1,9,Myeloid
GACTAACTCAATCGTG-1,6,Tcell
TTGCACCCAGATGGCA-1,0,Tcell
TTTACGTCACATATCG-1,0,Tcell
CGCAGGTCATAGACGG-1,5,Tcell
GGAACTTCAATGACTC-1,9,Myeloid
ACGTGGCGTGCATTCA-1,0,Tcell
GAACCTACATAGTCCA-1,3,NK
CCGTACTTCATGTTCT-1,10,Myeloid
CACCACTCATCCTGGG-1,0,Tcell
CAACGTATCGACCCGA-1,4,Bcell
TCCCACATCGCACCTT-1,2,Tcell
TAGGTCAAGACACGGT-1,3,NK
GTAGACTAGCGTCTGC-1,6,Tcell
ACAGGCCTCTCTGACC-1,2,Tcell
TGCATTTGTGACCAGA-1,6,Tcell
GAGACTTTCGGGAAAC-1,8,Tcell
ATATTCCAGAGCGAAA-1,5,Tcell
CTCTCAGCAATTGGCT-1,2,Tcell
CTCTCGAGTCCACCAG-1,6,Tcell
ATAGGCTTCAGCACTA-1,0,Tcell
TATCGAGCAAAGCTTC-1,0,Tcell
GCGTTGGAGTGTCGCC-1,0,Tcell
GGCACGTAGATCTAAG-1,6,Tcell
AAACGAACAGGACTGA-1,0,Tcell
TCAAGGTAGAGGCCTA-1,4,Bcell
AACGTACGTTACTACG-1,5,Tcell
ATAGTCGAGACCCTAT-1,3,NK
TTAACGGCACTACACA-1,0,Tcell
CCAATGATCGATGTAC-1,6,Tcell
GTGACATGTACCAAGG-1,0,Tcell
TACATTCTCCGATTGA-1,0,Tcell
TGCCTGTCAAGCGGTA-1,6,Tcell
CGCTGGAGTAACGGCA-1,0,Tcell
GGGACCTTCGCATAAC-1,0,Tcell
TCCAGAAGTTCCGCGA-1,5,Tcell
TGTACGACAGGCAGAT-1,4,Bcell
GAACCGCGTAACGGAC-1,5,Tcell
ACATGCACATGGAGGT-1,0,Tcell
TCAAGGTTCGTCTTAT-1,8,Tcell
ATCCCTGCAAACTACC-1,3,NK
CGCTATCTCTGATCTT-1,8,Tcell
CAATCCCGTCAACTGT-1,4,Bcell
AGCTGGCAGTTGAATG-1,0,Tcell
ACCATCCGTCCTATTT-1,0,Tcell
AACGGGACAGGAGCAT-1,6,Tcell
CACCACTGTATTCGCA-1,0,Tcell
CTCTACGAGTCCGATT-1,0,Tcell
GTACTTTAGTGCTCGC-1,0,Tcell
GCGTAGCTCGTGGCGT-1,6,Tcell
CTCTCAGCAAGTTCGT-1,0,Tcell
GACTAGTAGTATAGTG-1,0,Tcell
TTGGTCCTCTTCCACG-1,5,Tcell
CCCTGATAGGCTGGAT-1,3,NK
TTACTTGTCTTTCGAT-1,8,Tcell
TTACGTTGTTGTGACT-1,0,Tcell
GGACACCCAACAAACA-1,0,Tcell
TTACCCGCAGAGTCGA-1,0,Tcell
AGCCTCTGTCCCTTTG-1,0,Tcell
GAGATTCAGGCACCTC-1,0,Tcell
AAAGGGCCATGATTGC-1,5,Tcell
AGATTCGTCGACCCGA-1,11,Tcell
CACCTTGGTGGCGCTT-1,8,Tcell
GAACCTAAGGGCGAAG-1,2,Tcell
CGCAGGTCATGGCCGT-1,0,Tcell
GGTACCGTCTTAACGG-1,0,Tcell
GGTACCGCAGTTGCAT-1,0,Tcell
AGCGTATCAGTTGCAT-1,0,Tcell
CCTATTAAGCTACGCC-1,0,Tcell
CTGCGTTCACTCGCAG-1,3,NK
TTAGCGATCGACCCGA-1,4,Bcell
CGGTGCAGTAGTACAA-1,6,Tcell
GTGGCGTTCGAACACT-1,2,Tcell
TAGCGGCCATCACAGT-1,6,Tcell
CCTTGGTCATCGCCTT-1,0,Tcell
AGCCCGATCATTCTTG-1,2,Tcell
AACTTGGTCCTAAAGC-1,6,Tcell
AACTTGGCAATTGGCT-1,8,Tcell
GAAAGTAAGCTGAATA-1,6,Tcell
CAAGAAATCTCTGAGA-1,0,Tcell
CGTACAAAGCGTAGCA-1,6,Tcell
CTCAGAACAGTGCTCG-1,0,Tcell
GCGGTGTCAATCACTG-1,4,Bcell
TGTACAGGTACGTAGG-1,0,Tcell
TATGTTCCACATTGCA-1,0,Tcell
CCAGAATCATACAACC-1,7,Tcell
CTCTCGATCCCAGTAA-1,5,Tcell
AGCGTATGTGCACATT-1,3,NK
TCACTCGCACCAAGGA-1,6,Tcell
AAGGAGCCAGAACGAC-1,0,Tcell
TTACTTGTCGGCAATT-1,6,Tcell
AGCTGTACACGCTCAG-1,0,Tcell
TGCTTCGGTGGCATAG-1,4,Bcell
AGCCAGCGTTACGCTA-1,0,Tcell
GCGATCGAGGATTTGA-1,2,Tcell
GAAGAGCTCGCTACCT-1,5,Tcell
GTTATGGGTTTGCCAA-1,0,Tcell
GACTAGTAGCTGAATA-1,6,Tcell
ACAGAAAAGTAACATG-1,0,Tcell
TATTGCTAGGTAGGCT-1,3,NK
ACAATCGTCGCATACA-1,9,Myeloid
GCTGTTCGTCAAACAA-1,2,Tcell
TACATTCCACTTATGG-1,6,Tcell
GCCAGACGTACTTCAG-1,2,Tcell
TTCAACTTCTCTATCA-1,8,Tcell
CGTGGCATCCCGATTC-1,2,Tcell
TATGTGGCATTACCTT-1,0,Tcell
TAGCACAAGAGCCACA-1,6,Tcell
CCTTGGTTCGATGTGT-1,8,Tcell
GCTCCTACACGTTGTA-1,0,Tcell
AACAAAGTCATAGGTC-1,0,Tcell
GTTGGTATCTGGCACG-1,0,Tcell
GTCACCTTCTTCCGTG-1,6,Tcell
ACCATCCGTCAGTGTT-1,0,Tcell
TTCGATTAGTCGCGTC-1,3,NK
CGAGTTACAGCACATT-1,0,Tcell
CCGTACTTCGGGCTCA-1,4,Bcell
GGGTGTCGTACGCAAG-1,0,Tcell
TTTGCGCGTCTGGATT-1,6,Tcell
CCTTGGTAGTCTTAGC-1,0,Tcell
GAGATTCCATTAAGGA-1,0,Tcell
TACGGATTCGTCAACA-1,0,Tcell
CGTTCCAAGTTCAAGA-1,0,Tcell
TGGCCTTAGATTCCGT-1,0,Tcell
CACGTTCCAACGAGGT-1,0,Tcell
CCCACATAGTTGCGCC-1,3,NK
CCACAGGGTAGCGGTA-1,4,Bcell
ACCGCAGGTACGTAAA-1,5,Tcell
CTTAATCAGGTAGGCT-1,0,Tcell
GCGCATGAGGACTAGC-1,0,Tcell
TAGCACATCCACGAGC-1,4,Bcell
GTGGCGTAGCGAGCTA-1,5,Tcell
TTGACGAGTAACATAG-1,5,Tcell
TTTGAGGAGGATGTCG-1,0,Tcell
ACCAAACGTCCTTATT-1,0,Tcell
GAAGTGGAGTGATCTC-1,6,Tcell
TCTCAGCCACTGGGCT-1,0,Tcell
GCGATCGTCCGAGAGA-1,2,Tcell
TGTGGCGGTGAATCGG-1,0,Tcell
GCTGCGAGTTTCAGCA-1,0,Tcell
CTGAATGTCATCGCTC-1,0,Tcell
GCCATAATCTCAGATG-1,5,Tcell
GGGTGTCCAGGATGTG-1,9,Myeloid
GTGCACGAGAATATCG-1,3,NK
AGCTGTATCCGAATTG-1,9,Myeloid
GGAGAACTCCAATCCC-1,10,Myeloid
CCTTAATAGTCGTACT-1,2,Tcell
TCGTTCGAGCTGAAAT-1,11,Tcell
GACTAACCAAGGAGGG-1,0,Tcell
TAGACTGCAGTAACTC-1,9,Myeloid
GGGACCTCAAGTAATG-1,0,Tcell
TGCGTAAGTGATTCCA-1,3,NK
ACTGTCCGTAGCATGG-1,3,NK
TGGCAATAGAACGTTA-1,0,Tcell
GAGCGCTGTGATGCTT-1,6,Tcell
ACAGGCCAGAAATGGG-1,5,Tcell
ACAGACTAGCCCATTA-1,0,Tcell
GTCCATCTCTGAAAGA-1,9,Myeloid
TGCCTCAAGTCCGTGC-1,7,Tcell
GCGAGAAGTGGTTCTA-1,0,Tcell
TGATGCAGTCCCTAAA-1,6,Tcell
TTAACGGAGTCGTACT-1,0,Tcell
TATCTGTTCAGTACAC-1,8,Tcell
TAGCGGCGTGCATCAT-1,0,Tcell
CCAGAATGTCGCGCTA-1,2,Tcell
TGCTATTTCTGGTACA-1,0,Tcell
GAAAGTAAGTGCCCTG-1,8,Tcell
CTTCCAGAGGGTCTGA-1,2,Tcell
CGGACCACACATGATC-1,9,Myeloid
GGATGAGTCGCTAGTA-1,0,Tcell
GAACTTGGTTGAAGCG-1,0,Tcell
TTCGCGTCAGTAACCT-1,4,Bcell
TAGCACAAGGTTGTTC-1,0,Tcell
GGATGAGGTACGTAAA-1,6,Tcell
GCCCGAACATCATCGA-1,8,Tcell
TGCTCACCACGGCCAT-1,2,Tcell
AATGCCAAGAACTAAC-1,9,Myeloid
TACAGCAAGGTTCGTT-1,4,Bcell
GTTACTTCAGAACTTC-1,0,Tcell
CACCACTCAACGACAG-1,8,Tcell
CCACGTTCATGTGGGA-1,0,Tcell
AGCTGGCAGAAGAGTG-1,0,Tcell
GGACACCGTTTGTGAC-1,8,Tcell
GATGATCAGGTACATA-1,6,Tcell
GGAACTTCACAGATGG-1,0,Tcell
CTAGGATCAAGTCTCA-1,0,Tcell
CCTGGGAAGCTAGTTC-1,4,Bcell
AACTGGTTCAAAGTAG-1,0,Tcell
GCTCCTACACCGTTGG-1,6,Tcell
CGCTATCGTATATGGA-1,3,NK
ATCCAGACAGTTACAC-1,5,Tcell
GCAGATTCATAGTCCA-1,0,Tcell
TGGTCCTGTTCCCGGA-1,0,Tcell
GCAGATTCACTTGCGG-1,0,Tcell
TGGGTTAAGCGTTGCC-1,9,Myeloid
TAGGAGGAGTGAATAC-1,2,Tcell
CACAACAAGACCAATA-1,3,NK
CACTGAACACCTGGTG-1,0,Tcell
TGCATGACAAATGCTC-1,0,Tcell
AAGATAGCACCCTTTG-1,0,Tcell
TGCTCGTTCCAGTACA-1,0,Tcell
GTAGTACCACTTATGG-1,4,Bcell
CCGTAGGTCGCTAGTA-1,3,NK
CTGAATGGTTGTGAGG-1,5,Tcell
ATTACCTTCGCAGATT-1,4,Bcell
CCACGTTCAAGCGAAC-1,0,Tcell
AACCGATCAACGTCCG-1,7,Tcell
CGGACTGGTGCATCAT-1,6,Tcell
AGGCGAAAGATAGGTT-1,5,Tcell
CTACTTAAGGCAGTAC-1,7,Tcell
CGCTAGGGTATCGCGC-1,5,Tcell
AGTTACGCACCACGAC-1,9,Myeloid
GAACCTAGTTGGAGGT-1,0,Tcell
AACTGGTCAACAACTC-1,8,Tcell
GCGAGTCCAGAGCCAA-1,2,Tcell
TGCTCACAGAACTCCT-1,10,Myeloid
GTGATCATCTGAGTAC-1,9,Myeloid
GTGATCAGTTCTCGAA-1,3,NK
GGCGAAAAGGCAGTAC-1,0,Tcell
GTGGATTTCAAGAGGC-1,5,Tcell
GCATTCCCACTACACA-1,0,Tcell
TACATGGAGGTCGTTT-1,3,NK
GCGAGAAGTTACTTTC-1,8,Tcell
ACAGACTAGTGCTGAG-1,8,Tcell
GTAGGAGAGCGCAATG-1,9,Myeloid
TACCTATCATAGAATG-1,0,Tcell
CGCAATAAGGGTAATT-1,4,Bcell
GTAGGAGGTAAGTGCG-1,0,Tcell
TACCTATTCGGTACTA-1,3,NK
ATGTTTCTCCCGCAAG-1,6,Tcell
CAGCCTTTCGGTCTAA-1,3,NK
ACCGGGTAGTAACACA-1,5,Tcell
CCGCATTTCTGTTTAC-1,0,Tcell
AACATCGGTACCCATA-1,0,Tcell
AGATAGAAGGTGTCGA-1,3,NK
GCCTAGGGTGATGTGG-1,4,Bcell
AACGAGGGTTCTACGA-1,4,Bcell
AACAAAGAGACTCGGA-1,0,Tcell
CATGTTTAGATCTAAG-1,5,Tcell
GCATTGAGTGACGCAA-1,0,Tcell
TAACGGTAGATAGGTT-1,8,Tcell
CCGTGAGTCTGAACGT-1,9,Myeloid
GACCAATGTGTCCTTC-1,6,Tcell
TCAAGCATCTTGTCAT-1,8,Tcell
TCCATCGTCACCCGGA-1,8,Tcell
TACGCCTCAGTCCTGG-1,0,Tcell
CTCTAGCCAGCGTAGA-1,4,Bcell
GGGTTATAGGGTCCCT-1,0,Tcell
TAGCCCTTCACAGGGA-1,5,Tcell
TCAGTCCTCGGTCCGA-1,3,NK
TGCATGACACTGTAAC-1,2,Tcell
ACCTGCTGTTTCGACA-1,0,Tcell
CCGTGAGCATGCACTA-1,2,Tcell
TACGCCTAGTAGTTCC-1,0,Tcell
TGTAGCAGTTAGTAGA-1,0,Tcell
CTACTTAGTATGGGTG-1,3,NK
AGCCAGCGTAACATAG-1,5,Tcell
TGCGTAATCCAGGTAT-1,8,Tcell
CTCAACCCACTCCTCA-1,0,Tcell
AACGTACGTACTTGAC-1,2,Tcell
TAATCGGCATTCACGA-1,0,Tcell
ACTTTCAAGGCTTTAC-1,5,Tcell
ACCTGCTGTAGCAGGT-1,9,Myeloid
ATTACTCAGCTGAAAT-1,0,Tcell
CAAGAAACATTAAGGA-1,8,Tcell
GACCCAGTCTGAAAGA-1,9,Myeloid
AGTTTGGTCGAAGCCC-1,6,Tcell
GCACGGTAGTTCTCCC-1,8,Tcell
CAGTGCGTCGGCTATA-1,8,Tcell
TCGGGACGTGCGTTTA-1,2,Tcell
TGGTCAATCTGGCGCA-1,0,Tcell
GGCGAAATCCGCGATG-1,8,Tcell
GGGTCTGCAAGCGTCC-1,0,Tcell
ACAAAGAAGAGCAGCT-1,0,Tcell
ACTAGGTGTACCCACG-1,0,Tcell
GCCCAGATCTGGCCAG-1,6,Tcell
GTAGTACTCTATTTCG-1,2,Tcell
TTAGCGAAGGCGACTA-1,6,Tcell
TCACCACGTGCTTGAT-1,2,Tcell
TAGGAGGAGTTAGCGG-1,3,NK
TGCCTGTGTGATGTGG-1,6,Tcell
CATTCATAGTGATCTC-1,3,NK
CAAAGCTAGGTTGACG-1,0,Tcell
ACAATCGTCTCTGCAC-1,0,Tcell
GCGTTGGGTCCCTTTG-1,9,Myeloid
TATCTGTCAAAGCTGG-1,9,Myeloid
TGCTCGTCATACCCGG-1,6,Tcell
TGTTAGGAGACAGTGC-1,11,Tcell
TCACCACCAGGCACAA-1,0,Tcell
CTGGGACTCGAACACT-1,5,Tcell
ACTACCCAGAAATTCG-1,9,Myeloid
GTCGTAATCCAGAGAG-1,5,Tcell
ACTAGGTCATTGATGC-1,11,Tcell
ACTGCAAAGTCGAGCA-1,0,Tcell
TTACCGCAGATCTCAC-1,2,Tcell
ACCCAAAAGGCGACTA-1,4,Bcell
GTAGTACCAAGCCAGA-1,2,Tcell
AACCTGAGTTCCTATT-1,7,Tcell
AACATCGGTGCTGAAG-1,2,Tcell
TTCAACTGTTCCTGTC-1,0,Tcell
GATCATGTCTTTCGAT-1,6,Tcell
GTCCATCGTTTGATCG-1,5,Tcell
GTCCATCGTATCTCAG-1,5,Tcell
TGCTCGTCATTAACGC-1,8,Tcell
TCACAGATCAGCCGGT-1,4,Bcell
TCACCACGTAGCAGCA-1,3,NK
ATCCAGAAGTACCCAT-1,5,Tcell
GCATTCCAGTGAATAC-1,0,Tcell
GGAACTTTCCAACGCG-1,6,Tcell
TCGGGACTCAGCCGGT-1,0,Tcell
TTCGCGTCATGGATGG-1,0,Tcell
TATCGAGTCCAAACCA-1,3,NK
GGGACCTGTTGCAGAG-1,3,NK
GAAATGAAGTAGACCG-1,0,Tcell
TCAATTCAGTTCAACC-1,10,Myeloid
TTCGTTAGTTCCCAAA-1,5,Tcell
GTTGGGCGTCATAGAA-1,2,Tcell
AGTCAACAGGTTTCTG-1,0,Tcell
ATTTGTCTCCTATCCG-1,5,Tcell
GGAACTTTCGTTGTTT-1,3,NK
AATGCCAGTGGACGAT-1,9,Myeloid
TATGTTCTCGAGTGTT-1,6,Tcell
CTCCCAACAGCCGAAA-1,0,Tcell
CCTGGGACATCGCCTT-1,3,NK
ATATTCCTCCACGCTT-1,0,Tcell
AGCGTGCCAATGTAAG-1,0,Tcell
CTCGCTACAACTCGTA-1,0,Tcell
ACATGGTCATCCTGGG-1,2,Tcell
AGCTGTATCGCGGCAT-1,8,Tcell
TTATGTCAGCCTATAC-1,6,Tcell
AGGCCTGCACTAAACC-1,6,Tcell
GTCTACCGTTTCAGCA-1,6,Tcell
ACCGGGTAGTAACATG-1,0,Tcell
CAGGATTGTATTCTTC-1,8,Tcell
GTCGTAAAGTACCTCA-1,10,Myeloid
TGGCAATAGCTGCTCG-1,3,NK
GTCTACCCACGGTTAT-1,0,Tcell
TGGCGCAAGCGTGTTT-1,6,Tcell
TCCAGAAGTAAAGGCC-1,3,NK
GGAGGATGTACGACCC-1,3,NK
TGTGTCCCAAGGCTTT-1,0,Tcell
ATGTCTTAGCCTGTAT-1,2,Tcell
TATGTTCAGCTGCTCG-1,5,Tcell
AAGATAGGTGGATTCT-1,4,Bcell
TCGCAGGTCCTTTGCG-1,0,Tcell
TACATGGGTGACAAGC-1,0,Tcell
GCTCAGGTCCTATCAT-1,3,NK
CTGAATGGTAGCTGTT-1,9,Myeloid
TACTCGCTCCAACAAC-1,3,NK
GGGTGTCAGACTAGCG-1,9,Myeloid
AACGTACCATATACGC-1,0,Tcell
GATTGACAGAAGGGCG-1,3,NK
ACAGGCCCACTAGGAG-1,0,Tcell
ATCCCTGAGGAAGGTA-1,6,Tcell
AAGGAGCAGGCAGTGT-1,5,Tcell
CACGTTCTCGCATACA-1,0,Tcell
TTTGGTTTCCTCCTGA-1,8,Tcell
TCCAGAATCAGGTCTA-1,0,Tcell
GACTAGTCATGGTTTG-1,0,Tcell
GCCCGAAGTGAATACA-1,10,Myeloid
AGGCCTGAGGCCTAAG-1,2,Tcell
GTGATCACATTACACG-1,6,Tcell
ACCGAATCATCCCAAA-1,3,NK
ACCGAATGTATTCTGG-1,0,Tcell
GCTTAAGAGCTGGAGT-1,9,Myeloid
CAAGAAACACGTTGTA-1,5,Tcell
GCAAAGGGTTTCCGGG-1,2,Tcell
TAGCACATCCCATAGA-1,6,Tcell
GCACCTTTCGCTCTAC-1,2,Tcell
TTGTCTACACCTTGTC-1,3,NK
AGATTCGAGATGAGGA-1,4,Bcell
CAGGGCTCAGGATGTG-1,5,Tcell
CGTTCCAGTGGTGGTA-1,2,Tcell
ATAGGCTTCAATCGTG-1,2,Tcell
GTCTACCTCGTGCTTC-1,2,Tcell
CCCTGATAGCTATCGT-1,3,NK
GGCACGTTCTTGTCAT-1,9,Myeloid
GGATAGGCATCGGCCA-1,0,Tcell
GTGTCAACACATAAAG-1,0,Tcell
TTAGCGATCTGGCTAA-1,9,Myeloid
TCGCCTATCTCTTCTC-1,0,Tcell
ATCCTGCTCAGGGTTT-1,0,Tcell
TTACGGATCTCAGATG-1,8,Tcell
CGCAATAGTCAGAGTG-1,5,Tcell
CTCTCAGTCGTCTAGA-1,6,Tcell
GGCGAAATCCAGGGAA-1,0,Tcell
CCCGTTAAGGCCAGTA-1,7,Tcell
GGACACCGTAGTCCAT-1,4,Bcell
CCGTAGGGTTGGTAAA-1,0,Tcell
GTCACGGGTAACCGAG-1,0,Tcell
TACATTCCACACTAGT-1,8,Tcell
ACAAGCTGTGCCGGTT-1,0,Tcell
AACAAAGGTAAACGGC-1,0,Tcell
ACGTGGCAGCTATCGT-1,4,Bcell
ATCCCTGCAAGTCTGT-1,9,Myeloid
CGTAAACTCCGCGATG-1,0,Tcell
GTAATCGTCCACGCTT-1,0,Tcell
TGTAAGCAGATGTTGA-1,0,Tcell
ACTTCCGGTCGTAATC-1,9,Myeloid
CTCTCAGTCGCACCGA-1,4,Bcell
GCACCTTCACGGTGTC-1,3,NK
TTGACGAAGAATCAGT-1,0,Tcell
GCGCCAACACCTGAAT-1,0,Tcell
GTAATCGAGGCTGGAT-1,0,Tcell
TCTCTGGGTTCTGAGT-1,0,Tcell
TAGCATGCAAGTCCTA-1,0,Tcell
AGGCCCACAGATTAAG-1,0,Tcell
TCACCTGCATTAGCAC-1,6,Tcell
TCACCACTCCCGTATC-1,5,Tcell
GATGGCCGTACAAGCG-1,6,Tcell
GTCTACCAGTACCACT-1,9,Myeloid
TCAGTCCGTTCAGAAA-1,4,Bcell
TTCAACTAGGCTTTAC-1,2,Tcell
TCAGTTTCATAGCCGC-1,4,Bcell
GACTAGTGTGTTGGTT-1,8,Tcell
TGCACCTAGCGCGTTC-1,6,Tcell
AGTGTACTCCGAGGAA-1,5,Tcell
ATGCATGTCGAGAACG-1,0,Tcell
AACGTACAGACACGGT-1,3,NK
TAGGTGTGTATTCTCT-1,11,Tcell
CGCTAGGCAGTAACGG-1,0,Tcell
AGCGTATTCCATGACA-1,9,Myeloid
AGCCGCAGTTACTACG-1,4,Bcell
CCCTGATTCTCTATCA-1,2,Tcell
AGGCGTCAGTCAGCCC-1,4,Bcell
ATAGGCTTCTGGGCGT-1,6,Tcell
AAAGATGCAGTCCTGG-1,0,Tcell
ACAAACCTCAAGTTGC-1,0,Tcell
ATGCATGTCCTTCGAC-1,0,Tcell
TAGCGGCGTACATGGG-1,3,NK
GAAATGAGTGACCAGA-1,0,Tcell
TGATCAGCAATGACTC-1,6,Tcell
TGCTCACAGTGCTCGC-1,0,Tcell
CAACGTACATCGGCTG-1,5,Tcell
TGATGCATCTGGGCGT-1,6,Tcell
GGAACTTAGTTAGAGT-1,4,Bcell
TTGCAGACAAGCCAGA-1,5,Tcell
ATAGGCTGTTATAGAG-1,3,NK
CAGCTGGCACAATAAG-1,2,Tcell
CGATGATAGTTGAATG-1,6,Tcell
CCATACCGTATTCTTC-1,3,NK
GTTACTTTCTTACTCA-1,10,Myeloid
TAGCTTTGTGTCGTCG-1,5,Tcell
CGCGCAACAAGGAGTC-1,4,Bcell
CAGGATTCATGGAGGT-1,0,Tcell
GAGGTCCGTTCTTATC-1,0,Tcell
GCGGAAATCTTGGCCT-1,8,Tcell
GATGATCAGGTAGGAA-1,0,Tcell
TGGGTGCCATTTAGGC-1,0,Tcell
TCAGCTCTCCGCGATG-1,5,Tcell
GCTTGCTCAGTTCGGC-1,0,Tcell
TCAAGACAGGCAGTGT-1,2,Tcell
GAACTTGTCCAAACCA-1,4,Bcell
AGGCGTCCAGGTAACG-1,10,Myeloid
CATAACGAGGTGTTGG-1,0,Tcell
CGCAGGTCAGGTAGGT-1,11,Tcell
CCAGAATTCTCTGACC-1,3,NK
GCAGCTGAGGTGTTGG-1,0,Tcell
CGTAAACAGTCGTGAG-1,5,Tcell
CCTATTACATTACACG-1,0,Tcell
AGGCCCAAGTACCTCA-1,8,Tcell
GCGCATGTCCAAGTCA-1,9,Myeloid
CCAGAATAGATCTAAG-1,0,Tcell
AACCTGAAGGGAGATA-1,0,Tcell
CATTGGATCACTCGTC-1,0,Tcell
GGCGAAAGTTACTTTC-1,3,NK
TCAAAGCTCACACGTA-1,6,Tcell
TGATTTCTCTACATCT-1,3,NK
ACTACCCCACTTTGGA-1,3,NK
TACGCAAAGCTACGCC-1,11,Tcell
AGTGCGCCAGAGAGAA-1,0,Tcell
TGTAAGCCAAGCCAGA-1,8,Tcell
GCTCGAGGTAACCGAG-1,5,Tcell
CGCGCAAAGAACGACC-1,8,Tcell
TGTACGAGTCTGATTG-1,4,Bcell
AGCTGTAAGTGAATAC-1,6,Tcell
CTCGCTAGTGAATACA-1,0,Tcell
TAAGTGCTCAAGGCCC-1,6,Tcell
TGGAAGGGTAGGTAAT-1,9,Myeloid
TGTACGACATCCGTAA-1,5,Tcell
CGATGATAGTTGGAAT-1,3,NK
GCTCAGGTCCAGGTAT-1,0,Tcell
TGACAACAGCAGGAGG-1,8,Tcell
GCGAGTCGTAGATGAT-1,0,Tcell
CGCTGGAGTACATGGG-1,0,Tcell
TCTCAGCAGCTGCCAC-1,5,Tcell
ACTGTCCCAGGTGTGA-1,2,Tcell
AGCCAGCTCCCACGGA-1,5,Tcell
GTGTGATGTACGTAGG-1,9,Myeloid
GCTCGAGGTATCATGC-1,0,Tcell
TAGCGGCTCCCACGGA-1,0,Tcell
TGATCAGAGACGCCCT-1,5,Tcell
GAACGTTTCCAATAGC-1,0,Tcell
GGAACCCCATCCCTTG-1,4,Bcell
GCCATAAAGAGGAAGT-1,9,Myeloid
GCTGTTCGTGGTCGAA-1,8,Tcell
TCAGCTCAGTTGGAAT-1,6,Tcell
TTACTTGAGTCAGGAC-1,6,Tcell
CCATACCAGGTCTTTG-1,0,Tcell
GACCAATTCAATGCAC-1,3,NK
AGGCCTGCAGGCAGAT-1,5,Tcell
TTCGATTCACGTTGTA-1,6,Tcell
TGCATGAGTTACCCAA-1,0,Tcell
GTAGTACCAATCCATG-1,2,Tcell
GGCGAAAAGAGGCGGA-1,4,Bcell
CCTTGGTCACCACCAG-1,0,Tcell
TTCAACTGTACTTCGA-1,8,Tcell
GGGAACATCACTCGGG-1,4,Bcell
GGGTTATAGCATTCCA-1,6,Tcell
TTACCGCCATACAACC-1,2,Tcell
GAAAGTACAAACGTTC-1,6,Tcell
CAAGAAACATTGCACA-1,8,Tcell
GAACTTGGTCATCAAC-1,9,Myeloid
TGCATTTTCGGTCGAC-1,3,NK
ACCGGGTAGCGTATCT-1,0,Tcell
TTAGCTTGTAGCGGTA-1,3,NK
AGTCCGGGTCCCGAGT-1,0,Tcell
GGGTGTCAGTGAATAC-1,2,Tcell
TCTCAGCCAGAAGTGC-1,3,NK
TTCTGTACAAAGAAGG-1,2,Tcell
TTTGGTTAGGGCTTCC-1,3,NK
TCAATTCGTTTCCTAT-1,4,Bcell
AACAAAGCATTACACG-1,0,Tcell
TTCTAACGTAAGCCGA-1,2,Tcell
CCGTACTAGAAATCTG-1,0,Tcell
GGAGAACTCATCGCAA-1,2,Tcell
TTGCAGAGTTTCGATG-1,9,Myeloid
TTACTCACATGGCCCA-1,0,Tcell
CAAGCTACAGTGCGTC-1,0,Tcell
TTCGATTTCTCTGTTA-1,9,Myeloid
ATTTGTCGTGGACTGA-1,6,Tcell
GACCAATAGCGAGAAA-1,4,Bcell
GGGAACATCTCCAACC-1,2,Tcell
CCGCATTCACAGCCAC-1,3,NK
TCAAGGTGTAGCATGG-1,4,Bcell
GGTACCGCACCTGTGG-1,0,Tcell
TAAGTGCCACATAAAG-1,6,Tcell
TTTGAGGAGAGAAGCA-1,3,NK
TCAAAGCAGACCGCAA-1,5,Tcell
GAGAACGAGTATGGGC-1,0,Tcell
CAAGAAACATATTGGC-1,2,Tcell
AGCTGTACACGCTGTG-1,0,Tcell
AAGGTTCGTAGCAGGT-1,5,Tcell
ACCAAACAGCATACCT-1,6,Tcell
GAGATTCTCGGGAATG-1,2,Tcell
GGTGCTGAGTCACACT-1,2,Tcell
CTGGGACTCTTGTGCC-1,0,Tcell
GCGTAGCTCGTAGCGC-1,4,Bcell
TACCCTGTCAGGGTTT-1,5,Tcell
TTGCCCATCGACCCGA-1,5,Tcell
GAACCGCTCACAACAC-1,0,Tcell
CCCGTTATCTTACCTA-1,2,Tcell
TAGGTCAGTCATTGGT-1,0,Tcell
AAAGGATGTACCCATA-1,0,Tcell
ACTACGATCTCTTAAC-1,2,Tcell
ACAAAGATCGGCAATT-1,0,Tcell
AATGCCACAATGGCTT-1,8,Tcell
TACTGCCGTGTCCTTC-1,0,Tcell
AGCCTCTCAGGACCTC-1,0,Tcell
TTACCCGTCGGGATCC-1,3,NK
TGCACCTAGTAATGTG-1,8,Tcell
AGGACGAAGTACCTCA-1,0,Tcell
CATTGGAGTGGGTAGT-1,8,Tcell
GGAATCTAGGAAACTT-1,0,Tcell
TTAGCTTGTCTCTGCT-1,3,NK
CGCAATAAGCTCCATA-1,0,Tcell
GCTCAGGGTGCCCTAG-1,0,Tcell
CGGACTGGTCCAAGAG-1,8,Tcell
TGGACATAGAGCTACG-1,9,Myeloid
CTGTTCGTCTGCCGAG-1,4,Bcell
GCGATTACACTAGCCG-1,5,Tcell
TTGCGGGCATACAACC-1,4,Bcell
TGCGTAATCAGGTTTG-1,0,Tcell
TTACTCATCTGGCACG-1,9,Myeloid
GGCGAAACAAACCCTA-1,3,NK
TACGCAAGTCCGCTTT-1,2,Tcell
GACCCAGGTATTGTCG-1,0,Tcell
GTAGACTGTTAGGAAT-1,0,Tcell
TATCTGTCATGCCTTC-1,4,Bcell
CTGGGACAGTATACGA-1,11,Tcell
CGCGCAAGTACTATGC-1,0,Tcell
CGGACCATCGGGCTCA-1,9,Myeloid
TCAAGGTTCCAATAGC-1,0,Tcell
TCACAGACAGCGTCGT-1,0,Tcell
CAAGCTACATAGCCAT-1,0,Tcell
GAAACAAAGGGCTCTC-1,0,Tcell
TACGGATCAGATAAGT-1,6,Tcell
CATTCATGTACCCACG-1,0,Tcell
TTGTTCAGTCCGTCGA-1,5,Tcell
AATGGAATCCCAGCGA-1,0,Tcell
AGACAAATCTATTGTC-1,0,Tcell
CACCTGTTCGCTTACC-1,5,Tcell
GGGTGTCCATCCCAAA-1,2,Tcell
CGCACAGGTACAACGG-1,0,Tcell
TCAAGCACAGAATGCG-1,2,Tcell
ATCCTGCCATCTCACC-1,9,Myeloid
TCGCAGGTCAGATACC-1,8,Tcell
TGAGTCAGTTACTACG-1,9,Myeloid
AGGCCCACAATCAGGG-1,4,Bcell
TTGCTTAAGCTAGTTC-1,0,Tcell
GGATAGGAGACCATAA-1,3,NK
TTACCCGGTCATGAGG-1,0,Tcell
GAGGTCCTCGTGCTGG-1,0,Tcell
TCAAGCAAGTTACACC-1,9,Myeloid
GCCTACTGTCACAGTT-1,2,Tcell
AGCTATGGTGTTGGTT-1,9,Myeloid
TTGTTGTGTTCCCAAA-1,6,Tcell
TCACTCGAGACCCTAT-1,2,Tcell
CCAGAATTCCATCTAT-1,3,NK
GTGATCACAACGTCCG-1,5,Tcell
GTGTGATCAACTCAAC-1,0,Tcell
ATTTGTCGTTCCAGTA-1,0,Tcell
TAGGTCACACTCGTGG-1,3,NK
GACCAATCAGTAGTCT-1,6,Tcell
ACCGGGTAGTACCCAT-1,0,Tcell
GAAAGTACATTGTTCT-1,0,Tcell
GAAATGATCTACTTTG-1,7,Tcell
GGAACCCCAATGTGCT-1,6,Tcell
TGATCAGGTCGTAATC-1,0,Tcell
CTACAGATCGATGTGT-1,5,Tcell
AGCTGTAGTTTCGATG-1,4,Bcell
AACGTACGTAAGCCTT-1,2,Tcell
TGTGTCCCATCCGTGG-1,5,Tcell
CGGTGCACAAGGCTTT-1,4,Bcell
GCGGAAAAGGGTGTTG-1,2,Tcell
GTACTTTCATCACAAC-1,0,Tcell
TAAGCCACAAGCAACG-1,0,Tcell
GCCATAAGTGGCGCTT-1,5,Tcell
ATCCCTGGTGGAAGCT-1,9,Myeloid
GATCATGGTACGGAGT-1,0,Tcell
CGTACAATCGGAGTTT-1,1,Tcell
TGCCTCAAGTCAGGAC-1,0,Tcell
TCGGGACAGTCCGGAA-1,5,Tcell
AGCTGGCCAGGTGGTA-1,2,Tcell
CCGAAGCCACCACAGC-1,7,Tcell
TTTGAGGTCGAGTGTT-1,4,Bcell
CCTAAAGAGAACCCGA-1,4,Bcell
CGATGATTCCGTGCGA-1,0,Tcell
ACAATCGAGTATGCTC-1,0,Tcell
TAAGCCAAGAGGAATG-1,0,Tcell
TGTGTCCCAGAGAGAA-1,0,Tcell
TGTGTCCTCTTGTGCC-1,10,Myeloid
TTGCCCAAGCCATGGA-1,0,Tcell
TCAGGTAAGCTGCCAC-1,4,Bcell
AACCAACAGGCCAATG-1,0,Tcell
GTGGATTCAAGCGACA-1,9,Myeloid
GCCTACTTCCGAATTG-1,0,Tcell
AGCCGCACACCCTTAC-1,6,Tcell
CCGTGAGTCTTACCTA-1,0,Tcell
GTTGGGCTCCTATCAT-1,0,Tcell
TTAACGGCAGGTAGCA-1,0,Tcell
GCAGCCACATGGTATC-1,0,Tcell
GTTATTCAGGGATCCA-1,0,Tcell
TTGCACCCAGGCTACC-1,0,Tcell
GCATGATGTTTGCCCT-1,0,Tcell
GGCATTATCGAGAACG-1,4,Bcell
GGACACCTCCCAATAG-1,5,Tcell
AACGAGGGTAAGCCGA-1,5,Tcell
ACATGGTGTCGCTAGC-1,3,NK
AGATTCGCATAGGCGA-1,3,NK
ACAGAAACATCGTGAT-1,2,Tcell
CCCACATGTTACTTTC-1,6,Tcell
GAGTGAGCACACTAGT-1,6,Tcell
ACAAACCCACATATCG-1,6,Tcell
TGGTCCTTCACTAGGT-1,0,Tcell
GTCACTCGTCCGCTTT-1,6,Tcell
GACCGACAGGTAAGTT-1,6,Tcell
AAAGGATAGTGATTAG-1,9,Myeloid
AATACGCCAGTCAGAG-1,6,Tcell
GTCACGGTCAGTCTTT-1,5,Tcell
GAGCATTTCCCAGCGA-1,0,Tcell
GAGAACGTCTTAACGG-1,3,NK
TACGCAATCTATACCT-1,5,Tcell
GGGTGTCTCCGTACGG-1,9,Myeloid
TTATGTCGTGTAGGAC-1,5,Tcell
TCAAAGCGTCTGCACG-1,0,Tcell
GTAATCGTCGCGTTCT-1,3,NK
GCTGAGCTCACAAGCT-1,0,Tcell
AACATCGCATAGGCGA-1,3,NK
TGCCTCAGTCCCGAGT-1,0,Tcell
TGGAAGGGTAGGGTCA-1,0,Tcell
GAGCGCTCAAGTGGCA-1,0,Tcell
AGATTCGTCCTGTAGA-1,0,Tcell
GCGCCAAAGGTGTTGG-1,5,Tcell
CATGCCTGTTAAGTCC-1,0,Tcell
CCACGTTGTATACGCT-1,0,Tcell
GGTGAAGAGTCGTACT-1,0,Tcell
TGCTCGTCATGCCTTC-1,3,NK
CTCACCAAGATGCGAC-1,0,Tcell
GGCGTTGTCTAGCAAC-1,5,Tcell
TCAAAGCTCTGATCCC-1,9,Myeloid
TGTAAGCAGGAAGGTA-1,8,Tcell
CCATACCAGTATCTGC-1,3,NK
CCAGAATAGAACGTTA-1,0,Tcell
TATGTTCTCTCTATTG-1,0,Tcell
GCGGGTTTCACTCGTC-1,5,Tcell
TGCTCGTTCTTAGTGG-1,9,Myeloid
CATAACGCAAGAGATT-1,5,Tcell
AACTTGGGTCAGGTGA-1,5,Tcell
GTACTTTAGCTGAGGT-1,0,Tcell
AAATGCCGTCAGCTTA-1,8,Tcell
CTCAGAAAGGTCTTTG-1,4,Bcell
GAGACTTGTTCCTGTC-1,8,Tcell
CGGACTGCATGACTGT-1,5,Tcell
ACGTTAGCAGGTAGCA-1,5,Tcell
CAACGTACAACAAACA-1,5,Tcell
CTTCCAGGTAATGCCT-1,0,Tcell
ACAGCGCGTATCACAC-1,6,Tcell
ATAGGCTGTGACGCAA-1,0,Tcell
TGGGTTATCAAGGCAG-1,6,Tcell
TGAGCCGGTGCGACCT-1,0,Tcell
TAAGTGCCAATGCATC-1,2,Tcell
ACTCGGGAGTCAGCCC-1,5,Tcell
TACTAGGCAGGCAGAT-1,5,Tcell
TTAACGGAGAAGACTT-1,0,Tcell
GAGCGCTTCAAAGTAG-1,3,NK
ACAATCGAGCATTCCA-1,6,Tcell
TGCTATTGTAACCCAT-1,10,Myeloid
AACCTTTCAAGCCAGA-1,5,Tcell
CTGAATGAGCGTATCT-1,6,Tcell
TCAGTTTAGCCTTTGA-1,2,Tcell
CTCAGAATCTATATCC-1,2,Tcell
ACGTTAGAGGGTGTTG-1,4,Bcell
CAAAGCTCACCTACCT-1,5,Tcell
TCCAGAATCGTGAGTT-1,0,Tcell
CAACCAAAGTCGCGTC-1,6,Tcell
TGCTTTACAGTTCGGC-1,0,Tcell
AGTGCCGCAAGGTTCT-1,8,Tcell
TTTGGCCTCCAACAAC-1,2,Tcell
AATGTCGTCACTTACT-1,5,Tcell
CAACGTAAGGCGTCCT-1,0,Tcell
TAACGGTCAGATTGTC-1,0,Tcell
GACTAACTCCAAGTCA-1,6,Tcell
TTCTAACGTGAGTTGG-1,0,Tcell
GCATTCCGTGCGCATC-1,0,Tcell
TATCTGTGTGTGTGTT-1,0,Tcell
CAGGGCTTCAATTGGC-1,6,Tcell
GAGATTCAGCCGCTGT-1,8,Tcell
TTAGCGAGTTTGTCTT-1,2,Tcell
TCAGTTTTCTGTAGAC-1,5,Tcell
AACGTACAGGGAAATG-1,0,Tcell
AGCCTGGTCTCGTGAA-1,0,Tcell
TTAGCGAAGCTGCCAC-1,0,Tcell
AACAAAGCATGACTGT-1,9,Myeloid
TATCTGTGTCCCTAAA-1,0,Tcell
ATTACTCTCGGTAGGA-1,2,Tcell
GCAGCCACATTCACGA-1,0,Tcell
GCAGCTGGTCTCTGGG-1,4,Bcell
TCTAGTTAGGCACCTC-1,2,Tcell
CACGTTCAGGAAGAAC-1,0,Tcell
TACATTCCATCGTACA-1,0,Tcell
TCCGACTCAGGTAGGT-1,0,Tcell
TGCACCTGTATGTCCA-1,0,Tcell
ACCAAACAGGTAGGAA-1,0,Tcell
ACCGCAGAGTAGGTCG-1,0,Tcell
TGCCTGTAGTGTCCCG-1,2,Tcell
GCGTAGCGTAACGGTG-1,0,Tcell
AGCTGATTCTTCTTCC-1,11,Tcell
GTGTCCTTCGTGGTAT-1,0,Tcell
TAGCGGCAGCATTCCA-1,6,Tcell
CAATCCCCAGTGCGTC-1,0,Tcell
GTGACATAGAGGAATG-1,0,Tcell
TTAGCGATCTATTGTC-1,0,Tcell
TAAGTGCGTAGCATGG-1,0,Tcell
TGGTCCTTCCCGATTC-1,2,Tcell
GAGCATTCAACGAGGT-1,3,NK
GTAGTACAGGTTGTGG-1,5,Tcell
CTAGGATTCATCATGG-1,5,Tcell
AAACGAAGTGCTGTGC-1,0,Tcell
GTTACGACAATGAAAC-1,5,Tcell
TCACCACCACATTGCA-1,3,NK
TGACAACAGAGGCAGG-1,5,Tcell
TTTGAGGGTCCGGTAC-1,0,Tcell
TAAACCGAGAATAGTC-1,0,Tcell
AACCGATGTGCTGGCT-1,11,Tcell
GAAGTGGTCATACTTC-1,0,Tcell
GCGTAGCCAAGAGCGT-1,5,Tcell
GTCTACCAGCTTTCCC-1,8,Tcell
TTACGTTAGAATATCG-1,0,Tcell
ACGTGGCTCAGGATCT-1,8,Tcell
ACCGAATGTCATAGAA-1,0,Tcell
TTGAGTGTCGTTGTAG-1,3,NK
TAAGTGCCAAGCTTTG-1,11,Tcell
AAAGGGCGTTACGAAA-1,2,Tcell
AACCTTTGTACAACGG-1,5,Tcell
TTGTCTAGTACTAGAA-1,0,Tcell
TAGACTGTCACAGGGA-1,2,Tcell
TGTAAGCCAAGTCTGT-1,3,NK
GCCTACTTCTTACGGA-1,4,Bcell
CAACGTATCATCATGG-1,0,Tcell
TACCTATGTAGGGTTG-1,8,Tcell
GGCGAAACAACCTCTC-1,6,Tcell
TGGCCTTAGTTTACGC-1,0,Tcell
GCGATTACAAGCCTTA-1,8,Tcell
CTTAATCTCCTCATTA-1,2,Tcell
CGAGTTACAGTATCTG-1,4,Bcell
ACAAAGATCTATCTAC-1,6,Tcell
TACGGATTCGTGGGTC-1,3,NK
TACATGGTCGAGGCTC-1,4,Bcell
GTCGTAAGTACGAGAC-1,3,NK
GTGATCATCGACTGGC-1,11,Tcell
ATCGAGTGTCACTCTC-1,8,Tcell
TCGATTTCAGTGCGTC-1,0,Tcell
CAGTATGGTGCTGAAG-1,0,Tcell
TAACGGTCAAGTCCTA-1,3,NK
ATGGATCGTGTAGGAC-1,3,NK
TTACCCGAGCTGGAGT-1,0,Tcell
CTCTCAGTCTCTGAGA-1,0,Tcell
AAAGGATGTTGAAGCG-1,5,Tcell
AACGGGAGTCGAGGTA-1,5,Tcell
GCGTAGCCAAGTTCGT-1,5,Tcell
TTCGGTCAGTTGCCGC-1,6,Tcell
GCTGTTCCACACACCG-1,0,Tcell
CAACCAAAGCTCCATA-1,2,Tcell
ATCCTGCTCCATACGA-1,6,Tcell
TGCTTCGTCAAACCCA-1,0,Tcell
GAACCGCCAGGTAGCA-1,3,NK
TTCGGTCAGTAATCAG-1,3,NK
CTAGGATCATGATTGC-1,0,Tcell
TTGCGAATCAAATGGA-1,0,Tcell
TTGCTTACACGTTGTA-1,0,Tcell
TACTGCCTCCGGGCAT-1,6,Tcell
CTCATGCTCTAGCAAC-1,0,Tcell
TTTGGTTCACGCGCAT-1,3,NK
TAAACCGCAAGATTAG-1,2,Tcell
CGTTCCAGTAGGTAAT-1,4,Bcell
TTGCCCATCACTGATG-1,0,Tcell
GTTGGGCAGTTGAATG-1,0,Tcell
GGGTCTGGTTACGAAA-1,3,NK
TAGCATGCAACTCGTA-1,2,Tcell
TGGTCCTCAGGTCTGC-1,3,NK
AGACAAACAGTTACAC-1,0,Tcell
TTGTTGTGTAACTCCA-1,0,Tcell
CCTTGCAAGCCTCGCA-1,4,Bcell
GGCGTTGTCATACTTC-1,6,Tcell
TGGGTTATCCTATCCG-1,4,Bcell
TAAGCCAGTCAGTGTT-1,5,Tcell
GTCACTCAGCTTTCCC-1,0,Tcell
CTGAATGGTGCGTGTC-1,0,Tcell
ACTGTCCAGTCAGCCC-1,11,Tcell
GATGATCAGAAGCCGT-1,0,Tcell
GCACGGTAGAGAATTC-1,7,Tcell
GTAGTACAGATCTAAG-1,0,Tcell
GAGTGAGGTCGTAATC-1,4,Bcell
TTCTAACCATAGCCAT-1,6,Tcell
AACAGTCAGATCTAAG-1,6,Tcell
CTCCCAAGTTGCAGAG-1,8,Tcell
GTAGGAGCACGACGAA-1,3,NK
GATCGTATCGATGCAT-1,5,Tcell
GAAATGATCTGAGTAC-1,8,Tcell
CGCTGGACACACACAT-1,0,Tcell
ATTTGTCAGGATATCA-1,0,Tcell
GCGAGTCCATGACTGT-1,4,Bcell
CTGAATGAGAGCAGCT-1,8,Tcell
TTACCGCGTGTTAGAA-1,0,Tcell
GCCCGAAGTTTCACCC-1,0,Tcell
TTGAGTGTCTTCGTTA-1,5,Tcell
TACATGGAGCACGTAG-1,0,Tcell
TTGCGAAGTTCCATCC-1,0,Tcell
TCACTCGAGTCCTTCC-1,0,Tcell
GAGGCTCGTAGGGTTG-1,0,Tcell
GCCCAGAAGATGCGAC-1,4,Bcell
GTGGCGTCATTCTTTG-1,3,NK
ACAAAGATCATTCGGA-1,0,Tcell
GCATGATCAGTCAGCC-1,9,Myeloid
GCGAGTCGTCTCTGGG-1,0,Tcell
TCAAGCATCTTCGTTA-1,6,Tcell
TTACCCGAGAACGCCA-1,7,Tcell
AAAGATGAGGTTGACG-1,5,Tcell
AGTGCGCAGAAATCTG-1,5,Tcell
AAGGTTCTCCGGCGAT-1,3,NK
AGCTGGCAGAAACGCC-1,10,Myeloid
CCGTAGGGTTCAGAAA-1,10,Myeloid
CTGTATTTCTCCACTG-1,0,Tcell
GCACGGTTCGACCCGA-1,5,Tcell
CGCTATCAGGTTCGTT-1,0,Tcell
CCGAAGCGTGGATTCT-1,9,Myeloid
GAGGTCCAGTTGCGCC-1,2,Tcell
CATGCCTGTAGGTGAC-1,0,Tcell
AAACTGCTCTCGCGTT-1,9,Myeloid
TGGAAGGAGAACTCCT-1,0,Tcell
ACAGAAAAGATTACGA-1,2,Tcell
CCAGAATCATCGCCTT-1,2,Tcell
ACGGATTTCAGCACTA-1,3,NK
GAGACTTAGCAGAGCT-1,6,Tcell
GATTGACGTATGTCCA-1,0,Tcell
GCAACCGAGAACGCCA-1,0,Tcell
GCAGCCAGTTCCTATT-1,3,NK
GGAGAACGTGAGGGTT-1,0,Tcell
GGGCCATGTGGAAAGA-1,0,Tcell
TAGGAGGCACATTGCA-1,2,Tcell
GAAATGAGTGCGTAGA-1,2,Tcell
GAAATGACAAGAGATT-1,0,Tcell
TTGCGAATCGACTATG-1,8,Tcell
ACTACGATCCACGCTT-1,2,Tcell
GAGTGAGGTCAGCAAG-1,4,Bcell
CCAGAATAGCGTCAAG-1,5,Tcell
AGGCGTCAGCTAGCAG-1,3,NK
GCAGCTGAGGCACCTC-1,9,Myeloid
TCGATTTCAAGTTGCT-1,11,Tcell
CTCAGCTTCGACTGGC-1,5,Tcell
TACGGATAGTGATAAC-1,0,Tcell
CTCACCACACAGGTAG-1,2,Tcell
AAGATAGGTGAATCGG-1,0,Tcell
ATTACCTTCTCGGCGA-1,9,Myeloid
AGGCCCATCTATCTCA-1,0,Tcell
CTGTATTTCGTTACAG-1,2,Tcell
AACGTACCAATGCATC-1,6,Tcell
GCGAGAAGTTTCTTAC-1,8,Tcell
GGTTGCGTCGGGATCC-1,0,Tcell
TACCTATTCCGGAAAG-1,3,NK
ACTCGGGTCCACGGCA-1,2,Tcell
GGGTTATAGAATATCG-1,0,Tcell
AAATGCCAGTACAGAT-1,0,Tcell
TACATGGTCCAGGCCA-1,3,NK
CAACCAAAGCGAGCTA-1,0,Tcell
CGCAATATCTGACATG-1,5,Tcell
TAACGGTTCGCTCTAC-1,5,Tcell
ATGGATCCAGCAATGG-1,5,Tcell
TATGTTCGTCTCAAAC-1,0,Tcell
AACAGTCAGATCCGAG-1,0,Tcell
CCCTGATAGATAGGTT-1,3,NK
CGGACTGAGAGCTACG-1,2,Tcell
ATTGTGGCAGGTGGTA-1,9,Myeloid
GTTGGTACATTGTTCT-1,8,Tcell
GGAATCTCAGGAGCAT-1,9,Myeloid
AATGCCAAGCAGAGCT-1,8,Tcell
TGAGTCATCCCACGGA-1,5,Tcell
TCTATTGAGGGTCTGA-1,3,NK
TAAGCCATCCGAGGAA-1,0,Tcell
CTTGCTGGTGCCCTAG-1,6,Tcell
ATCCAGAGTTACCCAA-1,0,Tcell
ATTGTCTCAATTCTCT-1,3,NK
CTTCTAAAGTACCCAT-1,3,NK
CACAGATCAGTCAGAG-1,6,Tcell
CCACGTTGTGCGACCT-1,0,Tcell
GAACCTACAACGAGGT-1,0,Tcell
ACCGCAGTCGGGTCCA-1,0,Tcell
CCTTGCATCTCGGCGA-1,9,Myeloid
ACTTCCGGTGGACTGA-1,0,Tcell
GAACGTTGTTCTACCC-1,0,Tcell
GAAGAGCGTCATAAGA-1,0,Tcell
TCACAGAGTCAACGGA-1,0,Tcell
TGCGTAAGTCAATCCA-1,0,Tcell
AGCCAGCGTATTCGAC-1,10,Myeloid
TCTATTGCATCATGTG-1,3,NK
TTGAGTGCATGACTGT-1,0,Tcell
TTGCTTATCTCTTCTC-1,0,Tcell
CAAGGCCGTTCAGTTG-1,4,Bcell
GCAGCTGCATTTGGCA-1,3,NK
TTATGTCTCTCTTAAC-1,5,Tcell
GCGTTGGAGACGCCCT-1,0,Tcell
AGCCGCACACCGATCG-1,5,Tcell
TTTGTGTTCGTCCCTA-1,6,Tcell
CAGGGCTCACGGTTAT-1,3,NK
TAGGTGTTCGATAGTC-1,0,Tcell
TGTAGCACAAGGAGGG-1,3,NK
CAACGTATCATCGCCT-1,9,Myeloid
GTCCATCTCGCCACTT-1,0,Tcell
TCTAGTTTCGGTTCCT-1,9,Myeloid
TGGACATGTGAGTTGG-1,0,Tcell
GAGGATGTCCCGATTC-1,0,Tcell
CAGCTGGGTGCGCATC-1,2,Tcell
TATCTGTTCTCGACAA-1,3,NK
GATGGCCAGTAATGTG-1,6,Tcell
GCGTTGGTCCTTGACC-1,3,NK
CACCTGTTCTGATCCC-1,2,Tcell
GATCATGCACGCGATC-1,9,Myeloid
GCGGTGTAGCTCGTTA-1,6,Tcell
TAGCATGTCCAGGTCG-1,2,Tcell
GCACCTTGTCGTCGCA-1,0,Tcell
CAGGATTTCTTCGTTA-1,2,Tcell
CGCTATCTCTTGTCGC-1,0,Tcell
GCGGAAAGTAGATTAG-1,4,Bcell
CATTCATTCCAGGTAT-1,7,Tcell
CCGTGAGTCGTGGCGT-1,6,Tcell
TGGACATGTCGATTAC-1,7,Tcell
TTGAGCAGTACAAGCG-1,2,Tcell
GATCATGCACCTGGTG-1,3,NK
GCTCGAGTCGGGATCC-1,9,Myeloid
GATTAGCTCGTTCAGA-1,9,Myeloid
CAGCTGGGTTTCCACC-1,6,Tcell
CTAGGGCTCTTTATCG-1,9,Myeloid
CCCGTTATCTCGGCGA-1,2,Tcell
GTGGCGTTCAGCACGC-1,4,Bcell
AACCGATCAATGCATC-1,3,NK
ACCTGCTGTATCGCGC-1,8,Tcell
CCGAAGCAGGTGATGC-1,0,Tcell
GTCGTAACACGATATC-1,3,NK
CAAGAAAAGTATAGTG-1,7,Tcell
TCGCAGGGTTTCCGGG-1,4,Bcell
CGAGTTAGTTCATTTC-1,9,Myeloid
TGTACAGCATCGAGTT-1,2,Tcell
ATTACCTAGAGCTGTG-1,8,Tcell
CAGGGCTAGCACCATT-1,6,Tcell
GGATGAGGTGCGTAGA-1,2,Tcell
TTACCCGCAATGCCAT-1,0,Tcell
CAAAGCTAGGCCAATG-1,0,Tcell
TGGCGCATCATCGCTC-1,0,Tcell
GAGGATGAGCGGACAT-1,0,Tcell
ATGTACGCACATAAAG-1,0,Tcell
ACTACCCAGGGTAGTC-1,0,Tcell
GGCGAAACAATTGCCA-1,6,Tcell
TGGGTTAAGCCATCAT-1,0,Tcell
AAGGTTCGTCCAAGAG-1,0,Tcell
TTGCTTAGTATCAGCT-1,3,NK
GGAACCCTCGCTCTAC-1,0,Tcell
TTGGTCCGTTTCTACT-1,5,Tcell
GCATTGAGTGCTGTGC-1,10,Myeloid
TCCCACACATGCCTTC-1,9,Myeloid
GTCCATCTCGGTTAGT-1,0,Tcell
TAGGTCAAGTAGTTCC-1,2,Tcell
CTTTGCGCAAGGTTCT-1,0,Tcell
TCACAAGTCTATTGTC-1,0,Tcell
CCACGTTAGCCTATAC-1,3,NK
GGATAGGCATCCCTCA-1,6,Tcell
TCGTTCGTCCATTGAG-1,6,Tcell
GAGCGCTCAGAACTTC-1,3,NK
CGTACAAAGCTCGGCT-1,0,Tcell
TTGTTGTCAAGTCTCA-1,0,Tcell
TGGAAGGCATGGAGGT-1,6,Tcell
TTCGTTAAGTATGCTC-1,5,Tcell
TAGGTCATCTGCGTCT-1,5,Tcell
TGACTCCTCCGCCTAT-1,0,Tcell
TACGCCTAGAGACTCG-1,6,Tcell
CTGGCAGAGGGCTCTC-1,0,Tcell
CATTCCGAGGAAGGTA-1,6,Tcell
CCCTAACCACCGATCG-1,0,Tcell
CTTAATCTCTTCACTA-1,8,Tcell
CAATCCCGTCCTTCAC-1,3,NK
TAAGTGCAGGTGTCGA-1,5,Tcell
AGGCCTGGTCATAAGA-1,0,Tcell
TAACGGTGTGCTGAAG-1,9,Myeloid
CTTGAAGCATCATAGC-1,0,Tcell
GCGTTGGAGGGTATCG-1,4,Bcell
GGTAGGACACCACAGC-1,2,Tcell
AACGGGACACTAAACC-1,0,Tcell
TAACGGTCAATGGCTT-1,2,Tcell
TTGCTATGTGATCAGG-1,0,Tcell
GATCATGCAGAGAGAA-1,3,NK
TAACTTCGTCCCTTTG-1,3,NK
TAGGTCAGTGGTAGAC-1,4,Bcell
GAGTGAGCATCACAGT-1,0,Tcell
TCAAAGCTCAACACGT-1,0,Tcell
ACAGCGCAGTGGTGTG-1,0,Tcell
CAGTATGCAGTTGCAT-1,3,NK
CGATGATGTGACAAGC-1,0,Tcell
GTGCTGGGTCCGGTAC-1,0,Tcell
TAGTCCCGTTTGCCCT-1,0,Tcell
TCTAGTTGTATTCACG-1,9,Myeloid
TTGCAGAGTCCTCAGG-1,0,Tcell
TTGTCTATCGTGCTTC-1,9,Myeloid
TAGCGGCAGTAGGAAG-1,5,Tcell
GCACGCAAGCCCATGC-1,6,Tcell
CATAACGTCGAGTGTT-1,2,Tcell
GTGATCAGTCAACGGA-1,0,Tcell
GCGGAAAGTTAAGTCC-1,6,Tcell
GTGTCAAGTCAGGTGA-1,6,Tcell
ACTGCAAGTCTGGTTA-1,0,Tcell
CAGCCTTAGCCATCAT-1,0,Tcell
GCTCAGGCAGCGTCGT-1,0,Tcell
AAATGAGTCGAGAAGC-1,6,Tcell
TCAAGGTGTTCCCGGA-1,0,Tcell
TTACTTGTCATTCGGA-1,0,Tcell
AGCCTGGCAAGGACCA-1,3,NK
GCATTCCAGCTGCTCG-1,8,Tcell
GTGCACGCATGCGCTG-1,2,Tcell
TCAAGCAAGTTATGAG-1,1,Tcell
AGTGCGCAGAAGCCTG-1,6,Tcell
CCCTGATGTTCCAGTA-1,3,NK
TAGGTCACAAGCCCTG-1,0,Tcell
